-- phpMyAdmin SQL Dump
-- version 4.9.0.1
-- https://www.phpmyadmin.net/
--
-- Host: 34.87.187.203
-- Generation Time: May 18, 2020 at 05:56 PM
-- Server version: 5.7.25-google-log
-- PHP Version: 7.3.9

SET SQL_MODE = "NO_AUTO_VALUE_ON_ZERO";
SET AUTOCOMMIT = 0;
START TRANSACTION;
SET time_zone = "+00:00";


/*!40101 SET @OLD_CHARACTER_SET_CLIENT=@@CHARACTER_SET_CLIENT */;
/*!40101 SET @OLD_CHARACTER_SET_RESULTS=@@CHARACTER_SET_RESULTS */;
/*!40101 SET @OLD_COLLATION_CONNECTION=@@COLLATION_CONNECTION */;
/*!40101 SET NAMES utf8mb4 */;

--
-- Database: `hotel`
--

-- --------------------------------------------------------

--
-- Table structure for table `AdditionalService`
--

CREATE TABLE `AdditionalService` (
  `serviceID` varchar(6) NOT NULL,
  `serviceName` varchar(50) NOT NULL,
  `staffID` varchar(5) NOT NULL,
  `price` float NOT NULL
) ENGINE=InnoDB DEFAULT CHARSET=utf8mb4;

--
-- Dumping data for table `AdditionalService`
--

INSERT INTO `AdditionalService` (`serviceID`, `serviceName`, `staffID`, `price`) VALUES
('F0001', 'Fitness', 'SF001', 1200),
('F0002', 'Message', 'SF005', 500),
('F0003', 'Spa', 'SF002', 1200),
('F0004', 'Laundry', 'SF012', 400),
('F0005', 'Water Park', 'SF009', 6000),
('F0006', 'Car Rental', 'SF011', 1000),
('F0007', 'Lounge Service', 'SF013', 500),
('F0008', 'Camping', 'SF015', 5000),
('F0009', 'Bar Service', 'SF007', 4000);

-- --------------------------------------------------------

--
-- Table structure for table `AdditionalServiceReceipt`
--

CREATE TABLE `AdditionalServiceReceipt` (
  `receiptID` varchar(6) NOT NULL,
  `serviceID` varchar(6) NOT NULL
) ENGINE=InnoDB DEFAULT CHARSET=utf8mb4;

--
-- Dumping data for table `AdditionalServiceReceipt`
--

INSERT INTO `AdditionalServiceReceipt` (`receiptID`, `serviceID`) VALUES
('AS1', 'F0001'),
('AS101', 'F0001'),
('AS102', 'F0001'),
('AS103', 'F0001'),
('AS104', 'F0001'),
('AS105', 'F0001'),
('AS106', 'F0001'),
('AS107', 'F0001'),
('AS108', 'F0001'),
('AS109', 'F0001'),
('AS110', 'F0001'),
('AS111', 'F0001'),
('AS112', 'F0001'),
('AS113', 'F0001'),
('AS114', 'F0001'),
('AS115', 'F0001'),
('AS116', 'F0001'),
('AS117', 'F0001'),
('AS118', 'F0001'),
('AS119', 'F0001'),
('AS120', 'F0001'),
('AS121', 'F0001'),
('AS122', 'F0001'),
('AS123', 'F0001'),
('AS124', 'F0001'),
('AS125', 'F0001'),
('AS126', 'F0001'),
('AS127', 'F0001'),
('AS128', 'F0001'),
('AS129', 'F0001'),
('AS130', 'F0001'),
('AS131', 'F0001'),
('AS132', 'F0001'),
('AS133', 'F0001'),
('AS134', 'F0001'),
('AS135', 'F0001'),
('AS136', 'F0001'),
('AS137', 'F0001'),
('AS138', 'F0001'),
('AS139', 'F0001'),
('AS140', 'F0001'),
('AS141', 'F0001'),
('AS142', 'F0001'),
('AS143', 'F0001'),
('AS144', 'F0001'),
('AS145', 'F0001'),
('AS146', 'F0001'),
('AS147', 'F0001'),
('AS148', 'F0001'),
('AS28', 'F0001'),
('AS29', 'F0001'),
('AS3', 'F0001'),
('AS30', 'F0001'),
('AS31', 'F0001'),
('AS32', 'F0001'),
('AS33', 'F0001'),
('AS34', 'F0001'),
('AS35', 'F0001'),
('AS44', 'F0001'),
('AS45', 'F0001'),
('AS47', 'F0001'),
('AS48', 'F0001'),
('AS49', 'F0001'),
('AS50', 'F0001'),
('AS51', 'F0001'),
('AS52', 'F0001'),
('AS53', 'F0001'),
('AS54', 'F0001'),
('AS55', 'F0001'),
('AS56', 'F0001'),
('AS58', 'F0001'),
('AS59', 'F0001'),
('AS60', 'F0001'),
('AS61', 'F0001'),
('AS62', 'F0001'),
('AS63', 'F0001'),
('AS64', 'F0001'),
('AS65', 'F0001'),
('AS66', 'F0001'),
('AS67', 'F0001'),
('AS68', 'F0001'),
('AS69', 'F0001'),
('AS70', 'F0001'),
('AS71', 'F0001'),
('AS72', 'F0001'),
('AS73', 'F0001'),
('AS74', 'F0001'),
('AS75', 'F0001'),
('AS76', 'F0001'),
('AS77', 'F0001'),
('AS78', 'F0001'),
('AS79', 'F0001'),
('AS80', 'F0001'),
('AS81', 'F0001'),
('AS82', 'F0001'),
('AS83', 'F0001'),
('AS84', 'F0001'),
('AS85', 'F0001'),
('AS86', 'F0001'),
('AS87', 'F0001'),
('AS88', 'F0001'),
('AS89', 'F0001'),
('AS90', 'F0001'),
('AS91', 'F0001'),
('AS92', 'F0001'),
('AS93', 'F0001'),
('AS94', 'F0001'),
('AS95', 'F0001'),
('AS96', 'F0001'),
('AS97', 'F0001'),
('AS98', 'F0001'),
('AS99', 'F0001'),
('AS1', 'F0002'),
('AS101', 'F0002'),
('AS102', 'F0002'),
('AS103', 'F0002'),
('AS126', 'F0002'),
('AS127', 'F0002'),
('AS128', 'F0002'),
('AS129', 'F0002'),
('AS130', 'F0002'),
('AS131', 'F0002'),
('AS132', 'F0002'),
('AS133', 'F0002'),
('AS135', 'F0002'),
('AS136', 'F0002'),
('AS137', 'F0002'),
('AS138', 'F0002'),
('AS139', 'F0002'),
('AS140', 'F0002'),
('AS141', 'F0002'),
('AS142', 'F0002'),
('AS28', 'F0002'),
('AS29', 'F0002'),
('AS30', 'F0002'),
('AS31', 'F0002'),
('AS32', 'F0002'),
('AS44', 'F0002'),
('AS45', 'F0002'),
('AS46', 'F0002'),
('AS47', 'F0002'),
('AS48', 'F0002'),
('AS49', 'F0002'),
('AS50', 'F0002'),
('AS51', 'F0002'),
('AS52', 'F0002'),
('AS53', 'F0002'),
('AS54', 'F0002'),
('AS55', 'F0002'),
('AS56', 'F0002'),
('AS58', 'F0002'),
('AS59', 'F0002'),
('AS60', 'F0002'),
('AS61', 'F0002'),
('AS62', 'F0002'),
('AS63', 'F0002'),
('AS64', 'F0002'),
('AS65', 'F0002'),
('AS66', 'F0002'),
('AS67', 'F0002'),
('AS68', 'F0002'),
('AS69', 'F0002'),
('AS70', 'F0002'),
('AS71', 'F0002'),
('AS72', 'F0002'),
('AS73', 'F0002'),
('AS74', 'F0002'),
('AS75', 'F0002'),
('AS76', 'F0002'),
('AS77', 'F0002'),
('AS78', 'F0002'),
('AS79', 'F0002'),
('AS80', 'F0002'),
('AS81', 'F0002'),
('AS82', 'F0002'),
('AS83', 'F0002'),
('AS84', 'F0002'),
('AS92', 'F0002'),
('AS93', 'F0002'),
('AS94', 'F0002'),
('AS95', 'F0002'),
('AS96', 'F0002'),
('AS97', 'F0002'),
('AS98', 'F0002'),
('AS99', 'F0002'),
('AS104', 'F0003'),
('AS105', 'F0003'),
('AS106', 'F0003'),
('AS107', 'F0003'),
('AS108', 'F0003'),
('AS109', 'F0003'),
('AS110', 'F0003'),
('AS111', 'F0003'),
('AS112', 'F0003'),
('AS113', 'F0003'),
('AS114', 'F0003'),
('AS115', 'F0003'),
('AS116', 'F0003'),
('AS117', 'F0003'),
('AS118', 'F0003'),
('AS119', 'F0003'),
('AS120', 'F0003'),
('AS121', 'F0003'),
('AS122', 'F0003'),
('AS123', 'F0003'),
('AS124', 'F0003'),
('AS125', 'F0003'),
('AS126', 'F0003'),
('AS127', 'F0003'),
('AS128', 'F0003'),
('AS129', 'F0003'),
('AS130', 'F0003'),
('AS131', 'F0003'),
('AS132', 'F0003'),
('AS133', 'F0003'),
('AS135', 'F0003'),
('AS136', 'F0003'),
('AS137', 'F0003'),
('AS138', 'F0003'),
('AS139', 'F0003'),
('AS140', 'F0003'),
('AS141', 'F0003'),
('AS142', 'F0003'),
('AS143', 'F0003'),
('AS144', 'F0003'),
('AS145', 'F0003'),
('AS146', 'F0003'),
('AS147', 'F0003'),
('AS148', 'F0003'),
('AS149', 'F0003'),
('AS19', 'F0003'),
('AS23', 'F0003'),
('AS29', 'F0003'),
('AS30', 'F0003'),
('AS31', 'F0003'),
('AS32', 'F0003'),
('AS33', 'F0003'),
('AS34', 'F0003'),
('AS35', 'F0003'),
('AS36', 'F0003'),
('AS37', 'F0003'),
('AS39', 'F0003'),
('AS40', 'F0003'),
('AS41', 'F0003'),
('AS47', 'F0003'),
('AS48', 'F0003'),
('AS49', 'F0003'),
('AS50', 'F0003'),
('AS51', 'F0003'),
('AS52', 'F0003'),
('AS53', 'F0003'),
('AS72', 'F0003'),
('AS73', 'F0003'),
('AS74', 'F0003'),
('AS75', 'F0003'),
('AS76', 'F0003'),
('AS77', 'F0003'),
('AS78', 'F0003'),
('AS79', 'F0003'),
('AS80', 'F0003'),
('AS81', 'F0003'),
('AS82', 'F0003'),
('AS83', 'F0003'),
('AS84', 'F0003'),
('AS85', 'F0003'),
('AS86', 'F0003'),
('AS87', 'F0003'),
('AS88', 'F0003'),
('AS89', 'F0003'),
('AS90', 'F0003'),
('AS91', 'F0003'),
('AS104', 'F0004'),
('AS105', 'F0004'),
('AS106', 'F0004'),
('AS107', 'F0004'),
('AS108', 'F0004'),
('AS109', 'F0004'),
('AS110', 'F0004'),
('AS111', 'F0004'),
('AS112', 'F0004'),
('AS125', 'F0004'),
('AS126', 'F0004'),
('AS127', 'F0004'),
('AS128', 'F0004'),
('AS129', 'F0004'),
('AS130', 'F0004'),
('AS131', 'F0004'),
('AS132', 'F0004'),
('AS133', 'F0004'),
('AS143', 'F0004'),
('AS144', 'F0004'),
('AS145', 'F0004'),
('AS146', 'F0004'),
('AS147', 'F0004'),
('AS148', 'F0004'),
('AS149', 'F0004'),
('AS28', 'F0004'),
('AS29', 'F0004'),
('AS30', 'F0004'),
('AS31', 'F0004'),
('AS32', 'F0004'),
('AS47', 'F0004'),
('AS48', 'F0004'),
('AS49', 'F0004'),
('AS50', 'F0004'),
('AS51', 'F0004'),
('AS52', 'F0004'),
('AS53', 'F0004'),
('AS66', 'F0004'),
('AS67', 'F0004'),
('AS68', 'F0004'),
('AS69', 'F0004'),
('AS70', 'F0004'),
('AS71', 'F0004'),
('AS101', 'F0005'),
('AS102', 'F0005'),
('AS103', 'F0005'),
('AS113', 'F0005'),
('AS114', 'F0005'),
('AS115', 'F0005'),
('AS116', 'F0005'),
('AS117', 'F0005'),
('AS118', 'F0005'),
('AS119', 'F0005'),
('AS120', 'F0005'),
('AS121', 'F0005'),
('AS134', 'F0005'),
('AS135', 'F0005'),
('AS136', 'F0005'),
('AS137', 'F0005'),
('AS138', 'F0005'),
('AS139', 'F0005'),
('AS140', 'F0005'),
('AS141', 'F0005'),
('AS142', 'F0005'),
('AS29', 'F0005'),
('AS3', 'F0005'),
('AS30', 'F0005'),
('AS31', 'F0005'),
('AS32', 'F0005'),
('AS33', 'F0005'),
('AS36', 'F0005'),
('AS37', 'F0005'),
('AS39', 'F0005'),
('AS40', 'F0005'),
('AS41', 'F0005'),
('AS42', 'F0005'),
('AS43', 'F0005'),
('AS44', 'F0005'),
('AS45', 'F0005'),
('AS46', 'F0005'),
('AS54', 'F0005'),
('AS55', 'F0005'),
('AS56', 'F0005'),
('AS58', 'F0005'),
('AS59', 'F0005'),
('AS60', 'F0005'),
('AS61', 'F0005'),
('AS62', 'F0005'),
('AS63', 'F0005'),
('AS64', 'F0005'),
('AS65', 'F0005'),
('AS66', 'F0005'),
('AS67', 'F0005'),
('AS68', 'F0005'),
('AS69', 'F0005'),
('AS72', 'F0005'),
('AS73', 'F0005'),
('AS74', 'F0005'),
('AS75', 'F0005'),
('AS76', 'F0005'),
('AS77', 'F0005'),
('AS78', 'F0005'),
('AS79', 'F0005'),
('AS80', 'F0005'),
('AS81', 'F0005'),
('AS82', 'F0005'),
('AS83', 'F0005'),
('AS84', 'F0005'),
('AS92', 'F0005'),
('AS93', 'F0005'),
('AS94', 'F0005'),
('AS95', 'F0005'),
('AS96', 'F0005'),
('AS97', 'F0005'),
('AS98', 'F0005'),
('AS99', 'F0005'),
('AS119', 'F0006'),
('AS120', 'F0006'),
('AS121', 'F0006'),
('AS28', 'F0006'),
('AS3', 'F0006'),
('AS40', 'F0006'),
('AS41', 'F0006'),
('AS42', 'F0006'),
('AS43', 'F0006'),
('AS45', 'F0006'),
('AS46', 'F0006'),
('AS50', 'F0006'),
('AS51', 'F0006'),
('AS52', 'F0006'),
('AS53', 'F0006'),
('AS85', 'F0006'),
('AS86', 'F0006'),
('AS87', 'F0006'),
('AS88', 'F0006'),
('AS89', 'F0006'),
('AS90', 'F0006'),
('AS91', 'F0006'),
('AS122', 'F0007'),
('AS123', 'F0007'),
('AS124', 'F0007'),
('AS125', 'F0007'),
('AS126', 'F0007'),
('AS127', 'F0007'),
('AS128', 'F0007'),
('AS129', 'F0007'),
('AS130', 'F0007'),
('AS131', 'F0007'),
('AS132', 'F0007'),
('AS133', 'F0007'),
('AS143', 'F0007'),
('AS144', 'F0007'),
('AS145', 'F0007'),
('AS146', 'F0007'),
('AS147', 'F0007'),
('AS148', 'F0007'),
('AS27', 'F0007'),
('AS28', 'F0007'),
('AS54', 'F0007'),
('AS55', 'F0007'),
('AS56', 'F0007'),
('AS58', 'F0007'),
('AS59', 'F0007'),
('AS60', 'F0007'),
('AS61', 'F0007'),
('AS62', 'F0007'),
('AS63', 'F0007'),
('AS64', 'F0007'),
('AS65', 'F0007'),
('AS66', 'F0007'),
('AS67', 'F0007'),
('AS68', 'F0007'),
('AS69', 'F0007'),
('AS70', 'F0007'),
('AS71', 'F0007'),
('AS72', 'F0007'),
('AS73', 'F0007'),
('AS74', 'F0007'),
('AS75', 'F0007'),
('AS76', 'F0007'),
('AS77', 'F0007'),
('AS78', 'F0007'),
('AS79', 'F0007'),
('AS80', 'F0007'),
('AS81', 'F0007'),
('AS82', 'F0007'),
('AS83', 'F0007'),
('AS84', 'F0007'),
('AS113', 'F0008'),
('AS114', 'F0008'),
('AS115', 'F0008'),
('AS116', 'F0008'),
('AS117', 'F0008'),
('AS118', 'F0008'),
('AS119', 'F0008'),
('AS120', 'F0008'),
('AS121', 'F0008'),
('AS134', 'F0008'),
('AS135', 'F0008'),
('AS136', 'F0008'),
('AS137', 'F0008'),
('AS138', 'F0008'),
('AS139', 'F0008'),
('AS140', 'F0008'),
('AS141', 'F0008'),
('AS142', 'F0008'),
('AS2', 'F0008'),
('AS29', 'F0008'),
('AS30', 'F0008'),
('AS31', 'F0008'),
('AS39', 'F0008'),
('AS47', 'F0008'),
('AS48', 'F0008'),
('AS49', 'F0008'),
('AS50', 'F0008'),
('AS51', 'F0008'),
('AS52', 'F0008'),
('AS53', 'F0008'),
('AS55', 'F0008'),
('AS56', 'F0008'),
('AS58', 'F0008'),
('AS59', 'F0008'),
('AS60', 'F0008'),
('AS61', 'F0008'),
('AS62', 'F0008'),
('AS10', 'F0009'),
('AS101', 'F0009'),
('AS102', 'F0009'),
('AS103', 'F0009'),
('AS104', 'F0009'),
('AS105', 'F0009'),
('AS106', 'F0009'),
('AS107', 'F0009'),
('AS108', 'F0009'),
('AS109', 'F0009'),
('AS110', 'F0009'),
('AS111', 'F0009'),
('AS112', 'F0009'),
('AS113', 'F0009'),
('AS114', 'F0009'),
('AS115', 'F0009'),
('AS116', 'F0009'),
('AS117', 'F0009'),
('AS118', 'F0009'),
('AS119', 'F0009'),
('AS120', 'F0009'),
('AS121', 'F0009'),
('AS122', 'F0009'),
('AS123', 'F0009'),
('AS124', 'F0009'),
('AS125', 'F0009'),
('AS134', 'F0009'),
('AS135', 'F0009'),
('AS136', 'F0009'),
('AS137', 'F0009'),
('AS138', 'F0009'),
('AS139', 'F0009'),
('AS140', 'F0009'),
('AS141', 'F0009'),
('AS142', 'F0009'),
('AS143', 'F0009'),
('AS144', 'F0009'),
('AS145', 'F0009'),
('AS146', 'F0009'),
('AS147', 'F0009'),
('AS148', 'F0009'),
('AS27', 'F0009'),
('AS28', 'F0009'),
('AS29', 'F0009'),
('AS31', 'F0009'),
('AS32', 'F0009'),
('AS33', 'F0009'),
('AS36', 'F0009'),
('AS37', 'F0009'),
('AS39', 'F0009'),
('AS45', 'F0009'),
('AS46', 'F0009'),
('AS58', 'F0009'),
('AS59', 'F0009'),
('AS60', 'F0009'),
('AS61', 'F0009'),
('AS62', 'F0009'),
('AS85', 'F0009'),
('AS86', 'F0009'),
('AS87', 'F0009'),
('AS88', 'F0009'),
('AS89', 'F0009'),
('AS90', 'F0009'),
('AS91', 'F0009'),
('AS92', 'F0009'),
('AS93', 'F0009'),
('AS94', 'F0009'),
('AS95', 'F0009'),
('AS96', 'F0009'),
('AS97', 'F0009'),
('AS98', 'F0009'),
('AS99', 'F0009');

-- --------------------------------------------------------

--
-- Table structure for table `AdditionalServiceReceiptRecord`
--

CREATE TABLE `AdditionalServiceReceiptRecord` (
  `receiptID` varchar(6) CHARACTER SET utf8mb4 NOT NULL,
  `roomID` varchar(5) CHARACTER SET utf8mb4 NOT NULL,
  `branchID` varchar(5) CHARACTER SET utf8mb4 NOT NULL
) ENGINE=InnoDB DEFAULT CHARSET=utf8 COLLATE=utf8_unicode_ci;

--
-- Dumping data for table `AdditionalServiceReceiptRecord`
--

INSERT INTO `AdditionalServiceReceiptRecord` (`receiptID`, `roomID`, `branchID`) VALUES
('AS1', '101', 'BR001'),
('AS10', '101', 'BR001'),
('AS101', '206', 'BR002'),
('AS102', '208', 'BR002'),
('AS103', '104', 'BR001'),
('AS104', '101', 'BR001'),
('AS105', '106', 'BR001'),
('AS106', '209', 'BR003'),
('AS107', '208', 'BR002'),
('AS108', '201', 'BR002'),
('AS109', '208', 'BR001'),
('AS11', '101', 'BR001'),
('AS110', '306', 'BR003'),
('AS111', '204', 'BR002'),
('AS112', '208', 'BR002'),
('AS113', '106', 'BR001'),
('AS114', '309', 'BR003'),
('AS115', '309', 'BR003'),
('AS116', '308', 'BR001'),
('AS117', '302', 'BR002'),
('AS118', '308', 'BR001'),
('AS119', '206', 'BR002'),
('AS12', '101', 'BR001'),
('AS120', '207', 'BR001'),
('AS121', '205', 'BR003'),
('AS122', '102', 'BR001'),
('AS123', '103', 'BR003'),
('AS124', '105', 'BR002'),
('AS125', '108', 'BR002'),
('AS126', '106', 'BR001'),
('AS127', '208', 'BR003'),
('AS128', '208', 'BR002'),
('AS129', '207', 'BR001'),
('AS13', '101', 'BR001'),
('AS130', '208', 'BR002'),
('AS131', '207', 'BR002'),
('AS132', '204', 'BR002'),
('AS133', '108', 'BR001'),
('AS134', '106', 'BR001'),
('AS135', '106', 'BR001'),
('AS136', '208', 'BR002'),
('AS137', '108', 'BR001'),
('AS138', '109', 'BR002'),
('AS139', '110', 'BR001'),
('AS14', '101', 'BR001'),
('AS140', '105', 'BR003'),
('AS141', '206', 'BR001'),
('AS142', '105', 'BR001'),
('AS143', '206', 'BR001'),
('AS144', '201', 'BR003'),
('AS145', '207', 'BR001'),
('AS146', '208', 'BR001'),
('AS147', '208', 'BR002'),
('AS148', '205', 'BR002'),
('AS149', '302', 'BR001'),
('AS15', '101', 'BR001'),
('AS16', '101', 'BR001'),
('AS17', '101', 'BR001'),
('AS18', '101', 'BR001'),
('AS19', '101', 'BR001'),
('AS2', '105', 'BR001'),
('AS20', '101', 'BR001'),
('AS21', '101', 'BR001'),
('AS22', '101', 'BR001'),
('AS23', '101', 'BR001'),
('AS24', '101', 'BR001'),
('AS25', '101', 'BR001'),
('AS26', '101', 'BR001'),
('AS27', '101', 'BR001'),
('AS28', '104', 'BR001'),
('AS29', '104', 'BR002'),
('AS3', '102', 'BR002'),
('AS30', '105', 'BR002'),
('AS31', '105', 'BR003'),
('AS32', '106', 'BR001'),
('AS33', '107', 'BR002'),
('AS34', '108', 'BR003'),
('AS35', '108', 'BR003'),
('AS36', '110', 'BR001'),
('AS37', '203', 'BR002'),
('AS39', '310', 'BR003'),
('AS40', '104', 'BR003'),
('AS41', '102', 'BR001'),
('AS42', '106', 'BR003'),
('AS43', '108', 'BR003'),
('AS44', '106', 'BR001'),
('AS45', '206', 'BR002'),
('AS46', '204', 'BR003'),
('AS47', '103', 'BR001'),
('AS48', '107', 'BR002'),
('AS49', '205', 'BR003'),
('AS50', '206', 'BR002'),
('AS51', '303', 'BR003'),
('AS52', '302', 'BR002'),
('AS53', '309', 'BR002'),
('AS54', '302', 'BR001'),
('AS55', '206', 'BR002'),
('AS56', '103', 'BR001'),
('AS58', '208', 'BR002'),
('AS59', '203', 'BR002'),
('AS60', '110', 'BR001'),
('AS61', '210', 'BR001'),
('AS62', '208', 'BR002'),
('AS63', '104', 'BR002'),
('AS64', '105', 'BR002'),
('AS65', '106', 'BR003'),
('AS66', '108', 'BR001'),
('AS67', '202', 'BR003'),
('AS68', '203', 'BR001'),
('AS69', '205', 'BR002'),
('AS7', '101', 'BR001'),
('AS70', '206', 'BR001'),
('AS71', '209', 'BR002'),
('AS72', '107', 'BR001'),
('AS73', '106', 'BR002'),
('AS74', '204', 'BR003'),
('AS75', '202', 'BR002'),
('AS76', '101', 'BR001'),
('AS77', '206', 'BR002'),
('AS78', '308', 'BR001'),
('AS79', '210', 'BR002'),
('AS8', '101', 'BR001'),
('AS80', '110', 'BR002'),
('AS81', '110', 'BR001'),
('AS82', '106', 'BR002'),
('AS83', '106', 'BR002'),
('AS84', '306', 'BR002'),
('AS85', '109', 'BR001'),
('AS86', '201', 'BR001'),
('AS87', '202', 'BR002'),
('AS88', '203', 'BR003'),
('AS89', '204', 'BR001'),
('AS9', '101', 'BR001'),
('AS90', '205', 'BR002'),
('AS91', '206', 'BR002'),
('AS92', '106', 'BR002'),
('AS93', '310', 'BR001'),
('AS94', '305', 'BR001'),
('AS95', '210', 'BR003'),
('AS96', '110', 'BR003'),
('AS97', '310', 'BR002'),
('AS98', '206', 'BR002'),
('AS99', '210', 'BR001');

-- --------------------------------------------------------

--
-- Table structure for table `Additional_seq`
--

CREATE TABLE `Additional_seq` (
  `id` int(11) NOT NULL
) ENGINE=InnoDB DEFAULT CHARSET=utf8 COLLATE=utf8_unicode_ci;

--
-- Dumping data for table `Additional_seq`
--

INSERT INTO `Additional_seq` (`id`) VALUES
(1),
(2),
(3),
(4),
(5),
(6),
(7),
(8),
(9),
(10),
(11),
(12),
(13),
(14),
(15),
(16),
(17),
(18),
(19),
(20),
(21),
(22),
(23),
(24),
(25),
(26),
(27),
(28),
(29),
(30),
(31),
(32),
(33),
(34),
(35),
(36),
(37),
(38),
(39),
(40),
(41),
(42),
(43),
(44),
(45),
(46),
(47),
(48),
(49),
(50),
(51),
(52),
(53),
(54),
(55),
(56),
(57),
(58),
(59),
(60),
(61),
(62),
(63),
(64),
(65),
(66),
(67),
(68),
(69),
(70),
(71),
(72),
(73),
(74),
(75),
(76),
(77),
(78),
(79),
(80),
(81),
(82),
(83),
(84),
(85),
(86),
(87),
(88),
(89),
(90),
(91),
(92),
(93),
(94),
(95),
(96),
(97),
(98),
(99),
(100),
(101),
(102),
(103),
(104),
(105),
(106),
(107),
(108),
(109),
(110),
(111),
(112),
(113),
(114),
(115),
(116),
(117),
(118),
(119),
(120),
(121),
(122),
(123),
(124),
(125),
(126),
(127),
(128),
(129),
(130),
(131),
(132),
(133),
(134),
(135),
(136),
(137),
(138),
(139),
(140),
(141),
(142),
(143),
(144),
(145),
(146),
(147),
(148),
(149);

-- --------------------------------------------------------

--
-- Table structure for table `Booking_Detail`
--

CREATE TABLE `Booking_Detail` (
  `bookingID` varchar(10) NOT NULL DEFAULT '0',
  `bookDate` timestamp NOT NULL DEFAULT CURRENT_TIMESTAMP,
  `guestFirstName` varchar(50) NOT NULL,
  `guestLastName` varchar(50) NOT NULL,
  `checkIn` date DEFAULT NULL,
  `checkOut` date DEFAULT NULL,
  `branchID` varchar(5) NOT NULL,
  `price` int(11) NOT NULL,
  `paymentMethod` varchar(10) NOT NULL,
  `cardNumber` text,
  `additionalNote` text NOT NULL,
  `promocode` varchar(10) DEFAULT NULL,
  `roomID` varchar(6) DEFAULT NULL,
  `citizenID` varchar(20) NOT NULL
) ENGINE=InnoDB DEFAULT CHARSET=utf8mb4;

--
-- Dumping data for table `Booking_Detail`
--

INSERT INTO `Booking_Detail` (`bookingID`, `bookDate`, `guestFirstName`, `guestLastName`, `checkIn`, `checkOut`, `branchID`, `price`, `paymentMethod`, `cardNumber`, `additionalNote`, `promocode`, `roomID`, `citizenID`) VALUES
('BK000006', '2019-12-10 16:47:32', 'Nachanok', 'Issarapruk', '2020-05-10', '2020-05-11', 'BR001', 1700, 'cash', '', '', NULL, '101', '100'),
('BK000007', '2019-12-10 16:48:13', 'Nachanok', 'Issarapruk', '2020-07-16', '2020-07-17', 'BR001', 2400, 'cash', '', '', NULL, '206', '100'),
('BK000008', '2019-12-10 16:50:38', 'Nachanok', 'Issarapruk', '2020-05-30', '2020-05-31', 'BR001', 1900, 'creditCard', '123456789', '', NULL, '201', '100'),
('BK000009', '2019-12-12 07:03:04', 'Adam', 'Apple', '2020-05-13', '2020-05-16', 'BR001', 1700, 'cash', '', 'travel with children', NULL, '101', '12345'),
('BK000010', '2019-12-12 07:04:22', 'lio', 'soda', '2020-05-22', '2020-05-25', 'BR002', 2800, 'cash', '', '', NULL, '206', '53156489651'),
('BK000011', '2019-12-12 07:08:02', 'Kim', 'Jong', '2020-05-20', '2020-05-21', 'BR001', 1700, 'cash', '', '', NULL, '101', '2312356798765432'),
('BK000012', '2019-12-12 07:11:00', 'lion', 'skk', '2020-05-16', '2020-05-23', 'BR001', 1700, 'cash', '', '', NULL, '101', '12231434212'),
('BK000013', '2019-12-12 07:12:43', 'Park', 'Hae', '2020-05-22', '2020-05-23', 'BR002', 2800, 'cash', '', '', NULL, '206', '1232122'),
('BK000014', '2019-12-12 07:16:52', 'Alex', 'Randel', '2020-05-13', '2020-05-14', 'BR001', 1700, 'cash', '', '', NULL, '101', '12345'),
('BK000015', '2019-12-12 07:21:36', 'fay', 'iris', '2020-05-30', '2020-06-02', 'BR002', 2800, 'cash', '', '', NULL, '206', '32123123'),
('BK000016', '2019-12-12 07:22:08', 'lio', 'soda', '2020-05-22', '2020-05-23', 'BR001', 2400, 'cash', '', '', NULL, '206', '32123123'),
('BK000017', '2019-12-12 07:24:22', 'lamp', 'Pola', '2020-05-22', '2020-05-30', 'BR002', 2800, 'cash', '', '', NULL, '206', '110023'),
('BK000018', '2019-12-12 07:27:16', 'kim', 'sum', '2020-06-06', '2020-06-09', 'BR002', 2200, 'cash', '', '', NULL, '101', '2132142'),
('BK000019', '2019-12-12 07:29:05', 'alex', 'paloa', '2020-05-22', '2020-05-23', 'BR001', 1700, 'cash', '', '', NULL, '101', '53156489651'),
('BK000020', '2019-12-12 07:30:39', 'Thanagorn', 'Gornpratu', '2020-05-30', '2020-06-06', 'BR001', 2400, 'cash', '', '', NULL, '206', '121434132'),
('BK000021', '2019-12-12 07:31:32', 'hem', 'worth', '2020-05-23', '2020-05-29', 'BR002', 2200, 'cash', '', '', NULL, '101', '31243256'),
('BK000022', '2019-12-12 07:32:28', 'alan', 'paloa', '2020-05-22', '2020-05-28', 'BR001', 1700, 'creditCard', '1234', '', NULL, '101', '31243256'),
('BK000023', '2019-12-12 07:35:24', 'kim', 'tep', '2020-05-21', '2020-05-29', 'BR002', 2200, 'cash', '', '', NULL, '101', '2312356798765432'),
('BK000024', '2019-12-12 07:36:09', 'kim', 'tehe', '2020-06-03', '2020-06-11', 'BR001', 1700, 'cash', '', '', NULL, '101', '213214342341324'),
('BK000025', '2019-12-12 07:38:02', 'toon', 'network', '2020-05-30', '2020-06-10', 'BR002', 2400, 'cash', '', '', NULL, '201', '23123123'),
('BK000026', '2019-12-12 07:38:49', 'John', 'Hore', '2020-05-17', '2020-05-25', 'BR001', 1700, 'cash', '', '', NULL, '101', '2132454'),
('BK000027', '2019-12-12 07:39:15', 'John', 'Hore', '2020-06-13', '2020-06-14', 'BR002', 2200, 'cash', '', '', NULL, '101', '2132454'),
('BK000028', '2019-12-12 07:39:49', 'John', 'Hore', '2020-06-13', '2020-06-15', 'BR001', 1700, 'cash', '', '', NULL, '101', '2132454'),
('BK000029', '2019-12-12 07:40:44', 'lee', 'minho', '2020-05-16', '2020-05-17', 'BR001', 1700, 'cash', '', '', NULL, '101', '123'),
('BK000030', '2019-12-12 07:41:25', 'lee', 'ji', '2020-05-29', '2020-05-31', 'BR002', 2400, 'cash', '', '', NULL, '201', '123'),
('BK000031', '2019-12-12 07:42:30', 'lee', 'chang', '2020-08-02', '2020-08-05', 'BR001', 1700, 'cash', '', '', NULL, '101', '123'),
('BK000032', '2019-12-12 07:43:23', 'Park', 'Hae', '2020-07-09', '2020-07-14', 'BR001', 1700, 'cash', '', '', NULL, '101', '1232122'),
('BK000033', '2019-12-12 07:44:03', 'Park', 'Hae', '2020-09-05', '2020-09-10', 'BR002', 2400, 'cash', '', '', NULL, '201', '1232122'),
('BK000034', '2019-12-12 07:45:28', 'Kwon', 'Nara', '2020-05-22', '2020-05-26', 'BR001', 1700, 'cash', '', '', NULL, '101', '1213212313'),
('BK000035', '2019-12-12 07:46:04', 'Kwon', 'Nara', '2020-05-15', '2020-05-17', 'BR002', 2200, 'cash', '', '', NULL, '101', '1213212313'),
('BK000036', '2019-12-12 07:46:40', 'Kwon', 'Nara', '2020-06-19', '2020-06-22', 'BR002', 2200, 'cash', '', '', NULL, '101', '1213212313'),
('BK000037', '2019-12-12 07:47:38', 'lion', 'polish', '2020-05-15', '2020-05-30', 'BR001', 1700, 'cash', '', '', NULL, '101', '2312356798765432'),
('BK000038', '2019-12-12 07:56:09', 'aslo', 'ping', '2020-05-15', '2020-05-18', 'BR001', 2400, 'cash', '', '', NULL, '206', '53156489651'),
('BK000039', '2019-12-12 07:57:20', 'alex', 'paloa', '2020-05-30', '2020-06-06', 'BR001', 2400, 'cash', '', '', NULL, '206', '53156489651'),
('BK000040', '2019-12-12 07:58:11', 'alex', 'paloa', '2020-07-10', '2020-07-13', 'BR001', 1700, 'cash', '', '', NULL, '101', '53156489651'),
('BK000041', '2019-12-16 12:30:14', 'saha', 'wlfred', '2020-06-02', '2020-06-04', 'BR001', 1700, 'cash', '', '', NULL, '101', '12345'),
('BK000042', '2019-12-16 13:11:18', 'Nachanok', 'Issarapruk', '2020-11-18', '2020-11-19', 'BR001', 1700, 'cash', '', '', NULL, '101', '100'),
('BK000043', '2020-01-16 13:20:43', 'Nachanok', 'Issarapruk', '2021-04-08', '2021-04-09', 'BR003', 6000, 'cash', '', '', NULL, '301', '100'),
('BK000044', '2020-01-17 05:41:41', 'kim', 'la', '2020-06-01', '2020-06-11', 'BR001', 1700, 'cash', '', '', NULL, '101', '215564951'),
('BK000045', '2020-01-17 05:42:09', 'kim', 'la', '2020-06-18', '2020-06-23', 'BR001', 2200, 'cash', '', '', NULL, '201', '215564951'),
('BK000046', '2020-01-17 05:42:42', 'kim', 'dia', '2020-07-02', '2020-07-06', 'BR001', 2200, 'cash', '', '', NULL, '201', '215564951'),
('BK000047', '2020-01-17 05:42:42', 'kim', 'dia', '2020-07-02', '2020-07-06', 'BR001', 2200, 'cash', '', '', NULL, '201', '215564951'),
('BK000048', '2020-01-17 05:46:05', 'kida', 'ryoto', '2020-07-09', '2020-07-22', 'BR003', 6000, 'cash', '', '', NULL, '301', '215564951'),
('BK000049', '2020-01-17 05:47:21', 'kida', 'kesuki', '2020-07-09', '2020-07-15', 'BR002', 2500, 'cash', '', '', NULL, '201', '215564951'),
('BK000050', '2020-01-17 05:48:11', ' kim', 'ju', '2020-08-11', '2020-08-20', 'BR001', 1700, 'cash', '', '', NULL, '101', '215564951'),
('BK000051', '2020-01-17 05:48:39', 'kim', 'hong', '2020-09-10', '2020-09-22', 'BR001', 1700, 'cash', '', '', NULL, '101', '215564951'),
('BK000052', '2020-01-17 05:49:07', 'Park', 'Hana', '2020-10-14', '2020-10-21', 'BR002', 5000, 'cash', '', '', NULL, '301', '215564951'),
('BK000053', '2020-01-17 05:49:35', 'kim', 'hyu', '2020-11-19', '2020-11-23', 'BR002', 2500, 'cash', '', '', NULL, '201', '215564951'),
('BK000054', '2020-01-17 05:50:06', 'jo', 'hung', '2020-12-03', '2020-12-15', 'BR003', 6000, 'cash', '', '', NULL, '301', '215564951'),
('BK000055', '2020-01-17 06:17:22', 'bogo', 'tata', '2020-05-28', '2020-05-29', 'BR001', 2200, 'cash', '', '', NULL, '201', '0315684513'),
('BK000056', '2020-01-17 06:17:53', 'kao', 'kabo', '2020-06-03', '2020-06-16', 'BR001', 4000, 'cash', '', '', NULL, '301', '0315684513'),
('BK000057', '2020-01-17 06:18:22', 'bako', 'yoko', '2020-07-15', '2020-07-20', 'BR002', 5000, 'cash', '', '', NULL, '301', '0315684513'),
('BK000058', '2020-01-17 06:18:58', 'Kobe', 'Nishin', '2020-08-06', '2020-08-18', 'BR003', 3200, 'cash', '', '', NULL, '201', '0315684513'),
('BK000059', '2020-01-17 06:19:35', 'kods', 'sdoa', '2020-09-09', '2020-09-15', 'BR003', 3200, 'cash', '', '', NULL, '201', '0315684513'),
('BK000060', '2020-01-17 06:20:18', 'kok', 'ok', '2020-10-20', '2020-10-31', 'BR002', 2000, 'cash', '', '', NULL, '101', '0315684513'),
('BK000061', '2020-01-17 06:20:47', 'bogo', 'tata', '2020-11-19', '2020-11-24', 'BR002', 2000, 'cash', '', '', NULL, '101', '0315684513'),
('BK000062', '2020-01-17 06:27:28', 'bogo', 'tata', '2020-10-07', '2020-10-10', 'BR003', 3000, 'cash', '', '', NULL, '101', '0315684513'),
('BK000063', '2020-01-17 06:27:56', 'bogo', 'tata', '2020-11-04', '2020-11-10', 'BR002', 2000, 'cash', '', '', NULL, '101', '0315684513'),
('BK000064', '2020-01-17 06:28:22', 'bogo', 'tata', '2020-12-18', '2020-12-19', 'BR003', 3200, 'cash', '', '', NULL, '201', '0315684513'),
('BK000065', '2020-01-17 06:29:21', 'doe', 'delo', '2020-06-12', '2020-06-14', 'BR001', 1700, 'cash', '', '', NULL, '101', '1022161544'),
('BK000066', '2020-01-17 06:29:50', 'mar', 'dix', '2020-07-09', '2020-07-20', 'BR003', 3000, 'cash', '', '', NULL, '101', '1022161544'),
('BK000067', '2020-01-17 06:30:21', 'mar', 'diaz', '2020-07-03', '2020-07-06', 'BR003', 3000, 'cash', '', '', NULL, '101', '1022161544'),
('BK000068', '2020-01-17 06:30:48', 'mar', 'delo', '2020-08-01', '2020-08-05', 'BR003', 3000, 'cash', '', '', NULL, '101', '1022161544'),
('BK000069', '2020-01-17 06:31:16', 'mer', 'cyon', '2020-09-04', '2020-09-07', 'BR001', 4000, 'cash', '', '', NULL, '301', '1022161544'),
('BK000070', '2020-01-17 06:31:46', 'mar', 'dia', '2020-10-01', '2020-10-02', 'BR001', 4000, 'cash', '', '', NULL, '301', '1022161544'),
('BK000071', '2020-01-17 06:32:14', 'mar', 'da', '2020-10-22', '2020-10-28', 'BR002', 2500, 'cash', '', '', NULL, '201', '1022161544'),
('BK000072', '2020-01-17 06:32:44', 'si', 'da', '2020-11-03', '2020-11-10', 'BR001', 4000, 'cash', '', '', NULL, '301', '1022161544'),
('BK000073', '2020-01-17 06:34:17', 'bako', 'euno', '2020-11-13', '2020-11-17', 'BR002', 2000, 'cash', '', '', NULL, '101', '1022161544'),
('BK000074', '2020-01-17 06:35:22', 'lio', 'smith', '2020-12-10', '2020-12-14', 'BR003', 3000, 'cash', '', '', NULL, '101', '1022161544'),
('BK000075', '2020-01-17 06:36:43', 'Elf', 'Pola', '2020-07-10', '2020-07-14', 'BR003', 6000, 'cash', '', '', NULL, '301', '110023'),
('BK000076', '2020-01-17 06:37:22', 'Elf', 'Pola', '2020-08-01', '2020-08-10', 'BR003', 3000, 'cash', '', '', NULL, '101', '110023'),
('BK000077', '2020-01-17 07:00:50', 'Elf', 'Pola', '2020-10-14', '2020-10-20', 'BR003', 3200, 'cash', '', '', NULL, '201', '110023'),
('BK000078', '2020-01-17 07:01:22', 'Elf', 'Pola', '2020-11-12', '2020-11-16', 'BR003', 3000, 'cash', '', '', NULL, '101', '110023'),
('BK000079', '2020-01-17 07:02:50', 'Kwon', 'Nara', '2020-07-02', '2020-07-15', 'BR003', 3200, 'cash', '', '', NULL, '201', '1213212313'),
('BK000080', '2020-02-17 07:03:15', 'Kwon', 'Nara', '2020-08-06', '2020-08-10', 'BR003', 6000, 'cash', '', '', NULL, '301', '1213212313'),
('BK000081', '2020-02-17 07:03:40', 'Kwon', 'Nara', '2020-09-17', '2020-09-21', 'BR002', 5000, 'cash', '', '', NULL, '301', '1213212313'),
('BK000082', '2020-02-17 07:05:32', 'Kwon', 'Nara', '2020-12-25', '2020-12-30', 'BR001', 4000, 'cash', '', '', NULL, '301', '1213212313'),
('BK000083', '2020-02-17 07:06:16', 'Thanagorn', 'Gornpratu', '2020-12-27', '2020-12-31', 'BR003', 6000, 'cash', '', '', NULL, '301', '121434132'),
('BK000084', '2020-02-17 07:06:45', 'Thanagorn', 'Gornpratu', '2020-09-23', '2020-09-29', 'BR002', 5000, 'cash', '', '', NULL, '301', '121434132'),
('BK000085', '2020-02-17 07:07:07', 'Thanagorn', 'Gornpratu', '2020-08-13', '2020-08-14', 'BR002', 5000, 'cash', '', '', NULL, '301', '121434132'),
('BK000086', '2020-02-17 07:07:37', 'Thanagorn', 'Gornpratu', '2020-08-05', '2020-08-06', 'BR001', 4000, 'creditCard', '121145', '', NULL, '301', '121434132'),
('BK000087', '2020-02-17 07:08:28', 'Kim', 'Jong', '2020-07-02', '2020-07-07', 'BR002', 2500, 'cash', '', '', NULL, '201', '12231434212'),
('BK000088', '2020-02-17 07:09:04', 'Kim', 'Jong', '2020-12-17', '2020-12-23', 'BR002', 5000, 'cash', '', '', NULL, '301', '12231434212'),
('BK000089', '2020-02-17 07:09:27', 'Kim', 'Jong', '2020-10-30', '2020-11-04', 'BR001', 4000, 'cash', '', '', NULL, '301', '12231434212'),
('BK000090', '2020-02-17 07:10:07', 'Kim', 'Jong', '2020-07-10', '2020-07-22', 'BR002', 5000, 'cash', '', '', NULL, '301', '12231434212'),
('BK000091', '2020-02-17 07:11:01', 'lee', 'min ho', '2020-12-10', '2020-12-16', 'BR003', 6000, 'cash', '', '', NULL, '301', '12233'),
('BK000092', '2020-02-17 07:11:27', 'lee', 'min ho', '2020-10-15', '2020-10-16', 'BR001', 2200, 'cash', '', '', NULL, '201', '12233'),
('BK000093', '2020-02-17 07:11:56', 'lee', 'min ho', '2020-09-10', '2020-09-15', 'BR001', 4000, 'cash', '', '', NULL, '301', '12233'),
('BK000094', '2020-02-17 07:12:46', 'lee', 'min ho', '2020-05-22', '2020-06-04', 'BR001', 2200, 'cash', '', '', NULL, '201', '12233'),
('BK000095', '2020-02-17 07:13:38', 'Lion', 'P', '2020-07-09', '2020-07-14', 'BR002', 5000, 'cash', '', '', NULL, '301', '123'),
('BK000096', '2020-02-17 07:14:09', 'Lion', 'P', '2020-07-09', '2020-07-13', 'BR003', 3200, 'cash', '', '', NULL, '201', '123'),
('BK000097', '2020-02-17 07:55:36', 'Kim', 'ji', '2020-08-01', '2020-08-02', 'BR002', 2500, 'cash', '', '', NULL, '201', '2312356798765432'),
('BK000098', '2020-02-17 08:04:38', 'kim', 'jo', '2020-08-15', '2020-08-16', 'BR003', 3200, 'cash', '', '', NULL, '201', '2312356798765432'),
('BK000099', '2020-02-17 08:04:59', 'kim', 'nal', '2020-08-15', '2020-08-16', 'BR003', 6000, 'cash', '', '', NULL, '301', '2312356798765432'),
('BK000100', '2020-02-17 08:05:27', 'iko', 'po', '2020-09-23', '2020-09-24', 'BR002', 2500, 'cash', '', '', NULL, '201', '2312356798765432'),
('BK000101', '2020-02-17 08:07:22', 'kim', 'jo', '2020-08-06', '2020-08-07', 'BR002', 2500, 'cash', '', '', NULL, '201', '2312356798765432'),
('BK000102', '2020-02-17 08:10:34', 'Park', 'Hae', '2020-08-01', '2020-08-02', 'BR003', 3000, 'cash', '', '', NULL, '101', '1232122'),
('BK000103', '2020-02-17 08:10:52', 'Park', 'Hae', '2020-10-03', '2020-10-04', 'BR002', 5000, 'cash', '', '', NULL, '301', '1232122'),
('BK000104', '2020-02-17 08:11:11', 'Park', 'Hae', '2020-12-05', '2020-12-06', 'BR002', 5000, 'cash', '', '', NULL, '301', '1232122'),
('BK000105', '2020-02-17 08:11:36', 'Park', 'Hae', '2020-09-23', '2020-09-24', 'BR002', 5000, 'cash', '', '', NULL, '301', '1232122'),
('BK000106', '2020-02-17 08:12:00', 'Park', 'Hae', '2020-11-28', '2020-11-29', 'BR002', 2500, 'cash', '', '', NULL, '201', '1232122'),
('BK000107', '2020-02-17 08:12:49', 'si', 'jing', '2020-10-01', '2020-10-02', 'BR001', 2200, 'cash', '', '', NULL, '201', '123264884'),
('BK000108', '2020-02-17 08:13:12', 'si', 'jing', '2020-09-10', '2020-09-11', 'BR002', 5000, 'cash', '', '', NULL, '301', '123264884'),
('BK000109', '2020-02-17 08:13:34', 'si', 'jing', '2020-08-05', '2020-08-06', 'BR002', 2500, 'cash', '', '', NULL, '201', '123264884'),
('BK000110', '2020-02-17 08:14:35', 'lee', 'park', '2020-07-03', '2020-07-04', 'BR003', 6000, 'cash', '', '', NULL, '301', '123544494'),
('BK000111', '2020-02-17 08:14:55', 'lee', 'park', '2020-08-12', '2020-08-13', 'BR001', 4000, 'cash', '', '', NULL, '301', '123544494'),
('BK000112', '2020-02-17 08:15:19', 'lee', 'park', '2020-10-24', '2020-10-25', 'BR001', 4000, 'cash', '', '', NULL, '301', '123544494'),
('BK000113', '2020-02-17 08:15:42', 'lee', 'park', '2020-12-12', '2020-12-13', 'BR003', 6000, 'cash', '', '', NULL, '301', '123544494'),
('BK000114', '2020-02-17 08:16:34', 'kim', 'suk', '2020-05-22', '2020-05-23', 'BR001', 4000, 'cash', '', '', NULL, '301', '15451115152'),
('BK000115', '2020-02-17 08:17:01', 'kim', 'suk', '2020-08-26', '2020-08-27', 'BR002', 2000, 'cash', '', '', NULL, '101', '15451115152'),
('BK000116', '2020-02-17 08:17:42', 'kim', 'suk', '2020-11-20', '2020-11-21', 'BR002', 5000, 'cash', '', '', NULL, '301', '15451115152'),
('BK000117', '2020-02-17 08:18:18', 'kim', 'suk', '2020-07-06', '2020-07-07', 'BR001', 4000, 'cash', '', '', NULL, '301', '15451115152'),
('BK000118', '2020-02-17 08:18:55', 'kim', 'suk', '2020-08-13', '2020-08-14', 'BR002', 5000, 'cash', '', '', NULL, '301', '213131241'),
('BK000119', '2020-02-17 08:19:33', 'Mac', 'Donald', '2020-10-23', '2020-10-24', 'BR003', 6000, 'cash', '', '', NULL, '301', '213131241'),
('BK000120', '2020-02-17 08:20:39', 'Mac', 'Donald', '2020-09-24', '2020-09-25', 'BR002', 2500, 'cash', '', '', NULL, '201', '213131241'),
('BK000121', '2020-02-17 08:21:05', 'Mac', 'Donald', '2020-12-30', '2020-12-31', 'BR001', 4000, 'cash', '', '', NULL, '301', '213131241'),
('BK000122', '2020-02-17 08:21:42', 'Prajen', 'Junaungkan', '2020-10-24', '2020-10-25', 'BR001', 4000, 'cash', '', '', NULL, '301', '2132142'),
('BK000123', '2020-02-17 08:22:01', 'Prajen', 'Junaungkan', '2020-08-06', '2020-08-07', 'BR002', 5000, 'cash', '', '', NULL, '301', '2132142'),
('BK000124', '2020-02-17 08:22:20', 'Prajen', 'Junaungkan', '2020-11-14', '2020-11-15', 'BR003', 6000, 'cash', '', '', NULL, '301', '2132142'),
('BK000125', '2020-02-17 08:22:58', 'kim', 'tehe', '2020-08-12', '2020-08-13', 'BR001', 4000, 'cash', '', '', NULL, '301', '213214342341324'),
('BK000126', '2020-02-17 08:23:21', 'kim', 'tehe', '2020-09-19', '2020-09-20', 'BR002', 2500, 'cash', '', '', NULL, '201', '213214342341324'),
('BK000127', '2020-02-17 08:23:48', 'kim', 'tehe', '2020-09-19', '2020-09-20', 'BR001', 4000, 'cash', '', '', NULL, '301', '213214342341324'),
('BK000128', '2020-02-17 15:10:58', 'John', 'Hore', '2020-08-12', '2020-08-13', 'BR001', 4000, 'cash', '', '', NULL, '301', '2132454'),
('BK000129', '2020-02-17 15:11:18', 'John', 'Hore', '2020-07-15', '2020-07-16', 'BR003', 3000, 'cash', '', '', NULL, '101', '2132454'),
('BK000130', '2020-02-17 15:11:56', 'bee', 'been', '2020-09-04', '2020-09-05', 'BR001', 2200, 'cash', '', '', NULL, '201', '21342432543'),
('BK000131', '2020-02-17 15:12:36', 'bee', 'been', '2020-06-20', '2020-06-21', 'BR001', 1700, 'cash', '', '', NULL, '101', '21342432543'),
('BK000132', '2020-02-17 15:13:55', 'kida', 'Ki', '2020-07-25', '2020-07-26', 'BR002', 2500, 'cash', '', '', NULL, '201', '215564951'),
('BK000133', '2020-02-17 15:14:32', 'gora', 'dara', '2020-05-30', '2020-05-31', 'BR001', 4000, 'cash', '', '', NULL, '301', '223321544'),
('BK000134', '2020-03-17 15:15:04', 'gora', 'dara', '2020-07-11', '2020-07-12', 'BR002', 5000, 'creditCard', '125151502', '', NULL, '301', '223321544'),
('BK000135', '2020-03-17 15:15:26', 'gora', 'dara', '2020-09-19', '2020-09-20', 'BR001', 4000, 'cash', '', '', NULL, '301', '223321544'),
('BK000136', '2020-03-17 15:16:17', 'chappu', 'puis', '2020-08-09', '2020-08-10', 'BR002', 5000, 'cash', '', '', NULL, '301', '2549461316'),
('BK000137', '2020-03-17 15:16:40', 'chappu', 'puis', '2020-08-15', '2020-08-16', 'BR002', 2500, 'cash', '', '', NULL, '201', '2549461316'),
('BK000138', '2020-03-17 15:17:30', 'robert', 'kont', '2020-06-24', '2020-06-25', 'BR002', 2500, 'cash', '', '', NULL, '201', '261843561'),
('BK000139', '2020-03-17 15:18:22', 'robert', 'kont', '2020-06-20', '2020-06-21', 'BR002', 5000, 'cash', '', '', NULL, '301', '261843561'),
('BK000140', '2020-03-17 15:19:29', 'Holfman', 'Li', '2020-07-01', '2020-07-02', 'BR003', 6000, 'cash', '', '', NULL, '301', '31243256'),
('BK000141', '2020-03-17 15:20:09', 'christan', 'ko', '2020-10-05', '2020-10-06', 'BR001', 2200, 'cash', '', '', NULL, '201', '312689764153'),
('BK000142', '2020-03-17 15:20:32', 'christan', 'ko', '2020-11-16', '2020-11-17', 'BR003', 6000, 'cash', '', '', NULL, '301', '312689764153'),
('BK000143', '2020-03-17 15:21:15', 'Kyuta', 'sim', '2020-11-23', '2020-11-24', 'BR001', 4000, 'cash', '', '', NULL, '301', '31568996132'),
('BK000144', '2020-03-17 15:21:43', 'Kyuta', 'sim', '2020-10-10', '2020-10-11', 'BR002', 5000, 'cash', '', '', NULL, '301', '31568996132'),
('BK000145', '2020-03-17 15:22:28', 'chana', 'thip', '2020-07-17', '2020-07-18', 'BR002', 2500, 'cash', '', '', NULL, '201', '316598465'),
('BK000146', '2020-03-17 15:22:55', 'chana', 'thip', '2020-08-15', '2020-08-16', 'BR001', 4000, 'cash', '', '', NULL, '301', '316598465'),
('BK000147', '2020-03-17 15:23:13', 'Nachanok', 'Issarapruk', '2020-02-01', '2020-02-04', 'BR001', 1700, 'cash', '', '', NULL, '101', '100'),
('BK000148', '2020-03-17 15:23:19', 'chana', 'thip', '2020-06-13', '2020-06-14', 'BR001', 4000, 'cash', '', '', NULL, '301', '316598465'),
('BK000149', '2020-03-17 15:24:04', 'pulsix', 'chris', '2020-05-23', '2020-05-24', 'BR002', 5000, 'cash', '', '', NULL, '301', '32169846513'),
('BK000150', '2020-03-17 15:24:29', 'pulsix', 'chris', '2020-11-07', '2020-11-08', 'BR002', 5000, 'cash', '', '', NULL, '301', '32169846513'),
('BK000151', '2020-03-17 15:24:51', 'pulsix', 'chris', '2020-08-08', '2020-08-09', 'BR002', 2500, 'cash', '', '', NULL, '201', '32169846513'),
('BK000152', '2020-03-17 15:25:42', 'airis', 'lamo', '2020-07-18', '2020-07-19', 'BR003', 3200, 'cash', '', '', NULL, '201', '3269784653125'),
('BK000153', '2020-03-17 15:26:10', 'airis', 'lamo', '2020-08-20', '2020-08-21', 'BR002', 5000, 'cash', '', '', NULL, '301', '3269784653125'),
('BK000154', '2020-03-17 15:28:24', 'airis', 'lamo', '2020-07-17', '2020-07-18', 'BR002', 2500, 'cash', '', '', NULL, '201', '3269784653125'),
('BK000155', '2020-03-17 15:29:56', 'dang', 'tera', '2020-07-25', '2020-07-26', 'BR001', 4000, 'cash', '', '', NULL, '301', '3457894513'),
('BK000156', '2020-03-17 15:30:31', 'dang', 'tera', '2020-10-01', '2020-10-02', 'BR003', 3200, 'cash', '', '', NULL, '201', '3457894513'),
('BK000157', '2020-03-17 15:31:18', 'heem', 'koo', '2020-10-06', '2020-10-07', 'BR003', 6000, 'cash', '', '', NULL, '301', '356136481'),
('BK000158', '2020-03-17 15:31:59', 'vardy', 'jame', '2020-09-18', '2020-09-19', 'BR002', 5000, 'cash', '', '', NULL, '301', '3649653232'),
('BK000159', '2020-03-17 15:32:23', 'vardy', 'jame', '2020-10-18', '2020-10-19', 'BR003', 6000, 'cash', '', '', NULL, '301', '3649653232'),
('BK000160', '2020-03-17 15:33:46', 'alexis', 'san', '2020-11-09', '2020-11-10', 'BR001', 2200, 'cash', '', '', NULL, '201', '3658865312'),
('BK000161', '2020-03-17 15:34:16', 'alexis', 'san', '2020-06-13', '2020-06-14', 'BR002', 5000, 'cash', '', '', NULL, '301', '3658865312'),
('BK000162', '2020-03-17 15:35:23', 'abpishit', 'shitis', '2020-08-15', '2020-08-16', 'BR003', 6000, 'cash', '', '', NULL, '301', '36877986453'),
('BK000163', '2020-03-17 15:36:49', 'fan', 'bingo', '2020-08-15', '2020-08-16', 'BR002', 5000, 'cash', '', '', NULL, '301', '6269526'),
('BK000164', '2020-03-17 15:38:20', 'fan', 'bingo', '2020-08-08', '2020-08-09', 'BR001', 2200, 'cash', '', '', NULL, '201', '6269526'),
('BK000174', '2020-03-18 07:08:12', 'Sound', 'Smith', '2020-05-20', '2020-05-23', 'BR001', 5100, 'cash', '', '', NULL, '101', '1234567980123'),
('BK000175', '2020-03-18 07:08:29', 'Sound', 'Smith', '2020-05-20', '2020-05-23', 'BR001', 5100, 'cash', '', '', NULL, '101', '1234567980123'),
('BK000177', '2020-04-18 09:27:16', 'Nachanok', 'Issarapruk', '2020-05-08', '2020-05-19', 'BR001', 18700, 'cash', '', '', NULL, '103', '100'),
('BK000178', '2020-05-18 11:19:51', 'ณชนก', 'อิศราพฤกษ์', '2020-05-18', '2020-05-20', 'BR003', 6400, 'cash', '', '', NULL, '201', '100'),
('BK000179', '2020-05-18 11:28:05', 'Ice', 'Thanachaporn', '2020-05-28', '2020-05-31', 'BR001', 6600, 'cash', '', '', NULL, '201', '100'),
('BK000180', '2020-05-18 11:44:58', 'Nachanok', 'Issarapruk', '2020-06-16', '2020-06-19', 'BR003', 9600, 'cash', '', '', NULL, '202', '100'),
('BK000181', '2020-05-18 13:25:51', 'Raging', 'Kitty', '2020-05-20', '2020-05-23', 'BR002', 7500, 'cash', '', '', NULL, '201', '001'),
('BK000182', '2020-05-18 13:43:50', 'Raging', 'Kitty', '2020-05-19', '2020-05-23', 'BR003', 24000, 'creditCard', '09009090999', '', NULL, '301', '001'),
('BK000183', '2020-05-18 15:10:50', 'Nachanok', 'Issarapruk', '2020-07-14', '2020-08-10', 'BR002', 54000, 'cash', '', '', NULL, '101', '151560849153'),
('BK000184', '2020-05-18 15:11:10', 'Nachanok', 'Issarapruk', '2020-07-14', '2020-08-10', 'BR002', 54000, 'cash', '', '', NULL, '102', '151560849153');

--
-- Triggers `Booking_Detail`
--
DELIMITER $$
CREATE TRIGGER `tg_booking_id_insert` BEFORE INSERT ON `Booking_Detail` FOR EACH ROW BEGIN
  INSERT INTO booking_id_seq VALUES (NULL);
  SET NEW.bookingID = CONCAT('BK', LPAD(LAST_INSERT_ID(), 6, '0'));
END
$$
DELIMITER ;

-- --------------------------------------------------------

--
-- Table structure for table `booking_id_seq`
--

CREATE TABLE `booking_id_seq` (
  `id` int(11) NOT NULL
) ENGINE=InnoDB DEFAULT CHARSET=utf8 COLLATE=utf8_unicode_ci;

--
-- Dumping data for table `booking_id_seq`
--

INSERT INTO `booking_id_seq` (`id`) VALUES
(6),
(7),
(8),
(9),
(10),
(11),
(12),
(13),
(14),
(15),
(16),
(17),
(18),
(19),
(20),
(21),
(22),
(23),
(24),
(25),
(26),
(27),
(28),
(29),
(30),
(31),
(32),
(33),
(34),
(35),
(36),
(37),
(38),
(39),
(40),
(41),
(42),
(43),
(44),
(45),
(46),
(47),
(48),
(49),
(50),
(51),
(52),
(53),
(54),
(55),
(56),
(57),
(58),
(59),
(60),
(61),
(62),
(63),
(64),
(65),
(66),
(67),
(68),
(69),
(70),
(71),
(72),
(73),
(74),
(75),
(76),
(77),
(78),
(79),
(80),
(81),
(82),
(83),
(84),
(85),
(86),
(87),
(88),
(89),
(90),
(91),
(92),
(93),
(94),
(95),
(96),
(97),
(98),
(99),
(100),
(101),
(102),
(103),
(104),
(105),
(106),
(107),
(108),
(109),
(110),
(111),
(112),
(113),
(114),
(115),
(116),
(117),
(118),
(119),
(120),
(121),
(122),
(123),
(124),
(125),
(126),
(127),
(128),
(129),
(130),
(131),
(132),
(133),
(134),
(135),
(136),
(137),
(138),
(139),
(140),
(141),
(142),
(143),
(144),
(145),
(146),
(147),
(148),
(149),
(150),
(151),
(152),
(153),
(154),
(155),
(156),
(157),
(158),
(159),
(160),
(161),
(162),
(163),
(164),
(165),
(166),
(167),
(168),
(169),
(170),
(171),
(172),
(173),
(174),
(175),
(176),
(177),
(178),
(179),
(180),
(181),
(182),
(183),
(184);

-- --------------------------------------------------------

--
-- Table structure for table `Branch`
--

CREATE TABLE `Branch` (
  `branchID` varchar(5) NOT NULL,
  `tel` varchar(15) NOT NULL,
  `title` varchar(30) DEFAULT NULL,
  `street` varchar(40) DEFAULT NULL,
  `city` varchar(20) DEFAULT NULL,
  `state` varchar(20) DEFAULT NULL,
  `postalCode` varchar(10) DEFAULT NULL,
  `country` varchar(20) DEFAULT NULL
) ENGINE=InnoDB DEFAULT CHARSET=utf8mb4;

--
-- Dumping data for table `Branch`
--

INSERT INTO `Branch` (`branchID`, `tel`, `title`, `street`, `city`, `state`, `postalCode`, `country`) VALUES
('BR001', '022999919', 'Hight Resort 2', 'Phayathai Road', 'Bangkok', 'Pathumwan', '10330', 'Thailand'),
('BR002', '022009891', 'Spring Mountain ', 'South Harbor Boulevard', 'Anaheim', 'California', '92805', 'USA'),
('BR003', '312-944-6300', 'The Olympus', '105 Delaware', 'Chicago', 'Illinois', '60611', 'USA');

-- --------------------------------------------------------

--
-- Table structure for table `Customer`
--

CREATE TABLE `Customer` (
  `firstName` varchar(16) CHARACTER SET utf8 NOT NULL,
  `lastName` varchar(20) CHARACTER SET utf8 NOT NULL,
  `email` varchar(100) CHARACTER SET utf8 COLLATE utf8_unicode_ci NOT NULL,
  `password` varchar(100) CHARACTER SET utf8 NOT NULL,
  `citizenID` varchar(20) NOT NULL,
  `profileImage` varchar(200) DEFAULT NULL,
  `street` varchar(40) NOT NULL DEFAULT '""',
  `city` varchar(20) NOT NULL DEFAULT '""',
  `state` varchar(10) NOT NULL DEFAULT '""',
  `zipCode` varchar(10) NOT NULL DEFAULT '""',
  `country` varchar(16) NOT NULL DEFAULT '""'
) ENGINE=InnoDB DEFAULT CHARSET=utf8mb4;

--
-- Dumping data for table `Customer`
--

INSERT INTO `Customer` (`firstName`, `lastName`, `email`, `password`, `citizenID`, `profileImage`, `street`, `city`, `state`, `zipCode`, `country`) VALUES
('Boring', 'Cutiepie', ' ben10@mail.com', '3d3dca54db40c6b0ca6a770f3376da833dcdd797', '001', '694940094001_6038043433001_6038042129001-vs.jpg', 'Rama2', 'Bangkok', '\"\"', '10150', 'Thailand'),
('bogo', 'tata', ' tata@gmail.com', '40bd001563085fc35165329ea1ff5c5ecbdbbeef', '0315684513', 'bdd400a6f2501b3356bfd4b9267d2dc2.jpg', 'gota', 'Seoul', 'Gangnum', '10212', 'South Korea'),
('spata', 'tiktok', ' spata@gmail.com', '40bd001563085fc35165329ea1ff5c5ecbdbbeef', '04601501', '173448.jpg', 'fdsa', 'dsaf', 'fdsaf', '0521', 'efgtre'),
('Nachanok', 'Issarapruk', ' nachanok.tap@gmail.com', '25f30d353d672994bc46f110e821d857b2525e65', '100', 'SilverDarkza (1).png', '62 Prachautid 14, Bangpakok, Ratburana', 'Bangkok', 'Bangkok', '10140', 'Thailand'),
('diaz', 'marcelo', ' diazmar@gmail.com', '40bd001563085fc35165329ea1ff5c5ecbdbbeef', '1022161544', '9ba460b5e0224828acd0b616d0aa2b73.jpg', 'rio', 'brasillia', 'braca', '12125', 'Brazil'),
('Elf', 'Pola', ' Po@gmail.com', '40bd001563085fc35165329ea1ff5c5ecbdbbeef', '110023', 'people_5.jpg', 'Sathu', 'Bangkok', 'NewHam', '10120', 'Thailand'),
('Kwon', 'Nara', ' Nara@gmail.com', '40bd001563085fc35165329ea1ff5c5ecbdbbeef', '1213212313', 'download (5).jpg', 'Sathu', 'Bangkok', 'New', '10120', 'Thailand'),
('Thanagorn', 'Gornpratu', ' than@gmail.com', '40bd001563085fc35165329ea1ff5c5ecbdbbeef', '121434132', 'download (3).jpg', 'Sathud', 'Bangkok', 'Bangnak', '10120', 'Thailand'),
('Kim', 'Jong', ' Kim@gmail.com', '40bd001563085fc35165329ea1ff5c5ecbdbbeef', '12231434212', '5e927b9129d6d972f944faf3.jpg', '1212', 'Pyongyang', 'Pyongchang', '12121', 'North Korea'),
('lee ', 'min ho', ' minho@gmail.com', '40bd001563085fc35165329ea1ff5c5ecbdbbeef', '12233', 'w644.jpg', '19', 'Seoul', 'Seoul', '123432', 'South Korea'),
('Lion', 'P', ' li@gmail.com', '40bd001563085fc35165329ea1ff5c5ecbdbbeef', '123', 'Internet Ethic Inforgraphic.png', '1', 'bkk', 'ohio', '10120', 'thailand'),
('Park', 'Hae', ' Park@gmail.com', '40bd001563085fc35165329ea1ff5c5ecbdbbeef', '1232122', 'download (4).jpg', 'Gangnum', 'Seoul', 'Gangnum', '10212', 'South Korea'),
('si', 'jing', ' si@gmail.com', '40bd001563085fc35165329ea1ff5c5ecbdbbeef', '123264884', '1200px-华晨宇苏州星悦荟_无水印高清精修第一波_4.jpg', 'shang', 'shanghai', '', '32165', 'china'),
('Alax', 'Rodwel', ' sd@gmail.com', '40bd001563085fc35165329ea1ff5c5ecbdbbeef', '1234', 'people_2.jpg', '1234', 'New York', 'New Jersey', '10120', 'Thailand'),
('Adam', 'Apple', ' Adamsd@gmail.com', '40bd001563085fc35165329ea1ff5c5ecbdbbeef', '12345', 'people_4.jpg', 'Newrew', 'Alaska', 'Alsaka', '99501', 'USA'),
('Sutinan', 'Tad', ' sutinan.tadal@mail.kmutt.ac.th', 'bc4de02ea95b0024c4b8f4bd910c38fb9e90d78f', '1234567890', 'HDS1.JPG', 'Rama2', 'BKK', 'Thailand', '123456', 'Thailand'),
('Will', 'Smith', ' test@gmail.com', 'a94a8fe5ccb19ba61c4c0873d391e987982fbbd3', '1234567980123', 'lion2.2.jpg', '57/47 muang chonburi Huai Kapi Chonburi', 'Chonburi', 'Chonburi', '20130', 'Thailand'),
('lee', 'park', ' leep@gmail.com', '40bd001563085fc35165329ea1ff5c5ecbdbbeef', '123544494', '1200px-华晨宇苏州星悦荟_无水印高清精修第一波_4.jpg', 'Itaewon', 'Seoul', 'Seoul', '12343', 'South Korea'),
('Dummy', 'Dummy', ' Dummy@example.com', '40bd001563085fc35165329ea1ff5c5ecbdbbeef', '151560849153', 'handshake.png', 'Dummy', 'dummy', 'dummy', '10000', 'dummy'),
('kim', 'suk', ' kimsk@gmail.com', '40bd001563085fc35165329ea1ff5c5ecbdbbeef', '15451115152', '7c5bf78a-6db5-11ea-b0ed-5e14cf8eb9e1_image_hires_182537.jpg', 'wonsana', 'wonsan', '', '12121', 'North Korea'),
('Cherry', 'Compton', ' cherry@gmail.com', '40bd001563085fc35165329ea1ff5c5ecbdbbeef', '15645', '173448.jpg', 'sdfa', '`fresg', 'safds', '156132', 'fdsa'),
('try', 'try', 'try@gmail.com', 'try', '200', 'try.jpg', '\"\"', '\"\"', '\"\"', '\"\"', '\"\"'),
('Mac', 'Donald', ' Mac@gmail.com', '40bd001563085fc35165329ea1ff5c5ecbdbbeef', '213131241', 'download (6).jpg', '12', 'Washington', 'Neworland', '21212', 'USA'),
('Prajen', 'Junaungkan', ' pra@gmail.com', '40bd001563085fc35165329ea1ff5c5ecbdbbeef', '2132142', 'download (2).jpg', 'Sathu', 'Bangkok', 'Bangna', '10120', 'Thailand'),
('kim', 'tehe', ' tehe@gmail.com', '40bd001563085fc35165329ea1ff5c5ecbdbbeef', '213214342341324', 'images.jpg', '1212', 'Pyongyang', 'Pyongchang', '12121', 'North Korea'),
('John', 'Hore', ' Johnnn@gmail.com', '40bd001563085fc35165329ea1ff5c5ecbdbbeef', '2132454', 'images (2).jpg', '1921', 'Seoul', 'Seoul', '21321', 'South Korea'),
('bee', 'been', ' b@gmail.com', '40bd001563085fc35165329ea1ff5c5ecbdbbeef', '21342432543', '0heqm0p6VLOl5QSRdMc51FCWwMNDMnZzwWKCxzbyFOMWYvLSpfPC18bXNPZmh1eChdbH9zPyVBZmku.jpg', 'Kana', 'Pyongyang', 'Pyongchang', '12121', 'North Korea'),
('ki', 'da', ' kida@gmail.com', '40bd001563085fc35165329ea1ff5c5ecbdbbeef', '215564951', '105415511-1535130829589alexissanchezofmanchesterunited.jpg', 'jo', 'changcha', '', '62945', 'china'),
('Sound', 'Smith', ' Amis@gmail.com', '7110eda4d09e062aa5e4a390b0a572ac0d2c0220', '222222222', 'Capture.PNG', 'AAA', 'AAAA', 'AAAA', '203333', 'Thailad'),
('gora', 'dara', ' gora@gmail.com', '40bd001563085fc35165329ea1ff5c5ecbdbbeef', '223321544', 'download (2).jpg', 'hongan', 'Bangkok', '', '10120', 'Thailand'),
('toon', 'network', ' toon@gmail.com', '40bd001563085fc35165329ea1ff5c5ecbdbbeef', '23123123', 'images (1).jpg', 'rangtan', 'Bangkok', 'suvanna', '10120', 'Thailand'),
('kim', 'jo', ' kimj@gmail.com', '40bd001563085fc35165329ea1ff5c5ecbdbbeef', '2312356798765432', 'images (3).jpg', '1234', 'New York', 'New Jersey', '10120', 'Thailand'),
('kim', 'dami', ' kimda@gmail.com', '40bd001563085fc35165329ea1ff5c5ecbdbbeef', '231265916', 'download (1).jpg', 'Sathu', 'Bangkok', 'Bangna', '10120', 'Thailand'),
('chappu', 'puis', ' puis@gmail.com', '40bd001563085fc35165329ea1ff5c5ecbdbbeef', '2549461316', '5072d1178c0c6126dd55e96d3b0bc1e1--i-love-him-thailand.jpg', 'sathorn', 'bangkok', '', '10120', 'Thailand'),
('robert', 'kont', ' ro@gmail.com', '40bd001563085fc35165329ea1ff5c5ecbdbbeef', '261843561', 'AR_0101_Robertso_Garcia-01.jpg', 'hong', 'Bangkok', '', '10120', 'Thailand'),
('terag', 'dangdum', ' dangg@gmail.com', '40bd001563085fc35165329ea1ff5c5ecbdbbeef', '26949254116', 'dangdda.jpeg', 'bangna', 'Bangkok', '', '56616', 'Thailand'),
('thaksin', 'shinna', ' thak@gmail.com', '40bd001563085fc35165329ea1ff5c5ecbdbbeef', '30268413', '1953530-2687751.jpg', 'Kun', 'Bangkok', '', '10120', 'Thailand'),
('Holfman', 'Li', ' H@gmail.com', '40bd001563085fc35165329ea1ff5c5ecbdbbeef', '31243256', 'marius-ciocirlan-vMV6r4VRhJ8-unsplash.jpg', '2', 'Seattle', 'Newwark', '12324', 'USA'),
('christan', 'ko', ' ko@gmail.com', '40bd001563085fc35165329ea1ff5c5ecbdbbeef', '312689764153', '2018+FIFA+World+Cup+Qualifier+Thailand+v+Iraq+SQgQJd2bd7ox.jpg', 'sathorn', 'bangkok', '', '10120', 'Thailand'),
('Kyuta', 'sim', ' sim@gmail.com', '40bd001563085fc35165329ea1ff5c5ecbdbbeef', '31568996132', 'b80bc80eb664f72cfab432b2e00c3dc7.jpg', 'honga', 'bangkok', '', '10120', 'thailand'),
('chana', 'thip', ' chana@gmail.com', '40bd001563085fc35165329ea1ff5c5ecbdbbeef', '316598465', 'Chanathip_Songkrasin_20191001.jpg', 'bangna', 'Bangkok', '', '10120', 'Thailand'),
('lio', 'soda', ' lio@gmail.com', '40bd001563085fc35165329ea1ff5c5ecbdbbeef', '32123123', 'download (1).jpg', 'donmak', 'Bangkok', 'Bangkrapod', '10120', 'Thailand'),
('pulsix', 'chris', ' chriss@gmail.com', '40bd001563085fc35165329ea1ff5c5ecbdbbeef', '32169846513', 'Christian-Pulisic.jpg', 'bangnas', 'Bangkok', '', '10120', 'Thailand'),
('airis', 'lamo', ' airis@gmail.com', '40bd001563085fc35165329ea1ff5c5ecbdbbeef', '3269784653125', 'AislingFran-f.jpg', 'tan', 'bangkok', '', '10120', 'thailand'),
('dang', 'tera', ' tera@gmail.com', '40bd001563085fc35165329ea1ff5c5ecbdbbeef', '3457894513', 'aston-villa-768x432.jpg', 'lumpini', 'Bangkok', '', '10120', 'Thailand'),
('heem', 'koo', ' heemk@gmail.com', '40bd001563085fc35165329ea1ff5c5ecbdbbeef', '356136481', 'download (1).jpg', 'hong', 'Bangkok', '', '10120', 'Thailand'),
('vardy', 'jame', ' jame@gmail.com', '40bd001563085fc35165329ea1ff5c5ecbdbbeef', '3649653232', '5710a5cfdd08959f7d8b49ab.jpg', 'leister', 'london', '', '10126', 'England'),
('alexis', 'san', ' al@gmail.com', '40bd001563085fc35165329ea1ff5c5ecbdbbeef', '3658865312', '105415511-1535130829589alexissanchezofmanchesterunited.jpg', 'charoen', 'Bangkok', '', '10120', 'Thailand'),
('abpishit', 'shitis', ' shi@gmail.com', '40bd001563085fc35165329ea1ff5c5ecbdbbeef', '36877986453', '237229620.jpg', 'chatuchak', 'Bangkok', '', '10120', 'Thailand'),
('Abram', 'Last', ' bob@gmail.com', '95b90f0f30d008736e612a874495fafdb17d8dde', '4647891236', 'Capture.PNG', 'Sukhumvit', 'Bambo', '\"\"', '20130', 'Thai'),
('kyu', 'kong', ' kyu@gmail.com', '40bd001563085fc35165329ea1ff5c5ecbdbbeef', '5118158', '74255294.jpg', 'changa', 'kunming', '', '21348', 'china'),
('alex', 'paloa', ' l@gmail.com', '40bd001563085fc35165329ea1ff5c5ecbdbbeef', '53156489651', '2018+FIFA+World+Cup+Qualifier+Thailand+v+Iraq+SQgQJd2bd7ox.jpg', 'Sathud', 'Bangkok', 'Bangnak', '10120', 'Thailand'),
('Sadd', 'Noise', ' howdy@gmail.com', '7110eda4d09e062aa5e4a390b0a572ac0d2c0220', '564789123', 'Capture.PNG', 'Sukhumvit', 'Chonbuiri', '\"\"', '20130', 'Thai'),
('Jeff', 'rosevelt', ' booby@gmail.com', '7110eda4d09e062aa5e4a390b0a572ac0d2c0220', '6107050', 'Capture.PNG', 'Sukhumvit', 'Chonburi', 'Chonburi', '20130', 'Thailand'),
('Chadapong', 'Thanaprasit', ' book21424@gmail.com', '95b90f0f30d008736e612a874495fafdb17d8dde', '61070503043', 'book.jpg', '57/47 muang chonburi Huai Kapi Chonburi', 'Chonburi', 'Chonburi', '20130', 'Thailand'),
('Sam', 'Fisher', ' test1234@gmail.com', '95b90f0f30d008736e612a874495fafdb17d8dde', '61070503403', 'book.jpg', 'Glassgrow', 'Bangkok', 'Bangkok', '20130', 'ไทย'),
('Peter', 'Mallow', ' tipsy@hotmail.com', 'a94a8fe5ccb19ba61c4c0873d391e987982fbbd3', '6165133', 'tap2.png', 'Street', 'Bangkok', 'Bangkok', '20130', 'ไทย'),
('fan', 'bingo', ' fan@gmail.com', '40bd001563085fc35165329ea1ff5c5ecbdbbeef', '6269526', '907eb888-f872-11e8-93b8-bdc844c69537_1280x720_172029.jpg', 'beijinglu', 'bei', '', '12144', 'china'),
('no', 'no', ' no@no.com', '76272dc4faf660733711f58c736830d27159fb55', '9999999999999', 'anon.png', 'no', 'no', 'no', '10333', 'no');

-- --------------------------------------------------------

--
-- Table structure for table `CustomerReview`
--

CREATE TABLE `CustomerReview` (
  `citizenID` varchar(20) CHARACTER SET utf8mb4 NOT NULL,
  `points` float NOT NULL,
  `comment` text COLLATE utf8_unicode_ci,
  `date` date NOT NULL,
  `branchID` varchar(5) CHARACTER SET utf8mb4 DEFAULT NULL
) ENGINE=InnoDB DEFAULT CHARSET=utf8 COLLATE=utf8_unicode_ci;

--
-- Dumping data for table `CustomerReview`
--

INSERT INTO `CustomerReview` (`citizenID`, `points`, `comment`, `date`, `branchID`) VALUES
('0315684513', 4.9, 'It is very nice', '2563-05-11', 'BR001'),
('1022161544', 5, 'It\'s hostel with facilities and design of a boutique hotel.\nThe location is really convenient, a short walk to all transport links from/to airport (trains and buses)', '2563-05-05', 'BR001'),
('12231434212', 5, 'The hotel meets all our expectations. Not far from the central railway/bus station (where the airport buses arrive). Clear and tidy family room for 4 persons with towels, shower gel etc.. Bed is quite comfortable.', '2563-05-01', 'BR001');

-- --------------------------------------------------------

--
-- Table structure for table `Employee`
--

CREATE TABLE `Employee` (
  `staffID` varchar(5) NOT NULL,
  `firstName` varchar(20) DEFAULT NULL,
  `lastName` varchar(20) DEFAULT NULL,
  `position` varchar(40) DEFAULT NULL,
  `salary` float NOT NULL,
  `branchID` varchar(5) NOT NULL,
  `workTime Description` text NOT NULL,
  `startDate` timestamp NOT NULL DEFAULT CURRENT_TIMESTAMP,
  `gender` varchar(1) DEFAULT NULL,
  `profileImage` varchar(400) DEFAULT NULL
) ENGINE=InnoDB DEFAULT CHARSET=utf8mb4;

--
-- Dumping data for table `Employee`
--

INSERT INTO `Employee` (`staffID`, `firstName`, `lastName`, `position`, `salary`, `branchID`, `workTime Description`, `startDate`, `gender`, `profileImage`) VALUES
('SF001', 'Anwar', 'Editson', 'Manager', 40000, 'BR001', '10:00 AM to 16:00 PM', '2020-04-19 17:00:00', 'M', 'https://pbs.twimg.com/profile_images/1248398195119386625/BGUudGLs_400x400.jpg'),
('SF002', 'Panya', 'Pakpanya', 'Supervisor', 40000, 'BR002', '10:00 AM to 16:00 PM', '2020-04-19 17:00:00', 'M', NULL),
('SF003', 'Jirasri', 'Sakthin', 'Receptionist', 18000, 'BR001', '7:30 AM to 15:00 PM', '2020-04-26 17:00:00', 'M', NULL),
('SF004', 'Viboon', 'Issaraparb', 'Masseuse', 23400, 'BR001', '16:30 PM to 21:00 PM', '2020-04-25 17:00:00', 'M', NULL),
('SF005', 'Jittra', 'Binraka', 'Masseuse', 23400, 'BR001', '9:30 AM to 17:00 PM', '2020-04-26 17:00:00', 'F', NULL),
('SF006', 'Veerasak', 'Hadheevasri', 'IT Support', 26000, 'BR001', '9:30 AM to 16:00 PM', '2020-04-24 17:00:00', 'M', NULL),
('SF007', 'Naruto', 'Uszumaki', 'Manager', 98200, 'BR003', '00:00 PM to 07:20 PM', '2020-04-22 17:00:00', 'M', 'https://pbs.twimg.com/profile_images/830875753667366912/xmPAWGVD_400x400.jpg'),
('SF008', 'Somsri', 'Kanyavipak', 'Trainer', 24000, 'BR001', '9:30 AM to 17:00 PM', '2020-04-21 17:00:00', 'F', NULL),
('SF009', 'Mailna', 'Deedsuwan', 'Supervisor', 18000, 'BR003', '12:20 PM to 18:00 PM', '2020-04-28 17:00:00', 'F', 'https://upload.wikimedia.org/wikipedia/commons/c/ca/Sara_Ali_Khan_promoting_Kedarnath.jpg'),
('SF010', 'Vapidee', 'Boonsonkla', 'Receptionist', 18000, 'BR001', '6:20 AM to 12:20 PM', '2020-04-26 17:00:00', 'F', NULL),
('SF011', 'Patravee', 'Leesakul', 'Marketing', 26000, 'BR001', '9:30 AM to 16:00 PM', '2020-04-23 17:00:00', 'F', NULL),
('SF012', 'Nadakij', 'Rungsubsin', 'Receptionist', 18000, 'BR001', '18:00 PM to 00:00 PM', '2020-04-28 17:00:00', 'F', NULL),
('SF013', 'Suntisook', 'Naroong', 'Receptionist', 23000, 'BR002', 'Not defined yet', '2020-05-03 08:51:39', 'M', 'https://images.unsplash.com/photo-1506794778202-cad84cf45f1d?ixlib=rb-1.2.1&ixid=eyJhcHBfaWQiOjEyMDd9&w=1000&q=80'),
('SF015', 'Chadapong', 'Thanaprasit', 'Manager', 55465100, 'BR002', 'Not defined yet', '2020-05-08 13:47:38', 'F', 'Asset/Customer/book.jpg');

-- --------------------------------------------------------

--
-- Table structure for table `EmployeeApplication`
--

CREATE TABLE `EmployeeApplication` (
  `id` varchar(10) COLLATE utf8_unicode_ci NOT NULL,
  `firstName` varchar(15) COLLATE utf8_unicode_ci NOT NULL DEFAULT '',
  `lastName` varchar(15) COLLATE utf8_unicode_ci NOT NULL DEFAULT '',
  `email` varchar(40) COLLATE utf8_unicode_ci NOT NULL DEFAULT '',
  `requiredSalary` float DEFAULT NULL,
  `startDate` timestamp NOT NULL DEFAULT CURRENT_TIMESTAMP ON UPDATE CURRENT_TIMESTAMP,
  `street` varchar(40) COLLATE utf8_unicode_ci DEFAULT '',
  `city` varchar(20) COLLATE utf8_unicode_ci DEFAULT '',
  `state` varchar(10) COLLATE utf8_unicode_ci DEFAULT '',
  `zipCode` varchar(10) COLLATE utf8_unicode_ci DEFAULT '',
  `country` varchar(16) COLLATE utf8_unicode_ci DEFAULT '',
  `nationality` varchar(40) COLLATE utf8_unicode_ci DEFAULT '',
  `phone` varchar(10) COLLATE utf8_unicode_ci DEFAULT '',
  `status` varchar(10) COLLATE utf8_unicode_ci NOT NULL DEFAULT 'pending',
  `imgURL` varchar(400) COLLATE utf8_unicode_ci DEFAULT NULL,
  `gender` varchar(5) COLLATE utf8_unicode_ci DEFAULT '',
  `position` varchar(20) COLLATE utf8_unicode_ci DEFAULT '',
  `branchID` varchar(5) CHARACTER SET utf8mb4 NOT NULL
) ENGINE=InnoDB DEFAULT CHARSET=utf8 COLLATE=utf8_unicode_ci;

--
-- Dumping data for table `EmployeeApplication`
--

INSERT INTO `EmployeeApplication` (`id`, `firstName`, `lastName`, `email`, `requiredSalary`, `startDate`, `street`, `city`, `state`, `zipCode`, `country`, `nationality`, `phone`, `status`, `imgURL`, `gender`, `position`, `branchID`) VALUES
('APP0000001', 'Suntisook', 'Promtham', 'Santisuk.prom@gmail.com', 23000, '2020-05-03 08:52:16', 'pracha Uthit', 'Bangkok', 'Bangmod', '10140', 'Thai', 'Thai', '0783954343', 'hire', 'https://images.unsplash.com/photo-1506794778202-cad84cf45f1d?ixlib=rb-1.2.1&ixid=eyJhcHBfaWQiOjEyMDd9&w=1000&q=80', 'M', 'Receiptionist', 'BR001'),
('APP000001', 'Nachanok', 'Issarapruk', 'nachanok.tap@gmail.com', 1000000000, '2020-05-08 15:26:14', '62 Prachautid 14, Bangpakok, Ratburana', 'Bangkok', 'Bangkok', '10140', 'Thailand', 'Thai', '0869009797', 'hire', 'leonardo-nyx-hotels-seeklogo.png', 'M', 'God', 'BR003'),
('APP000002', 'Chadapong', 'Thanaprasit', 'book21424@gmail.com', 55465100, '2020-05-08 13:48:03', '57/47 muang chonburi Huai Kapi Chonburi', 'Chonburi', 'Chonburi', '20130', 'Thailand', 'Thai', '0877981936', 'hire', 'book.jpg', 'F', 'Saleman', 'BR001'),
('APP000005', 'Penis', 'Bobby', 'facepalm@hotmail.com', 500000, '2020-05-18 13:20:17', 'SSS', 'Boklyn', 'Chonbur', '56451', 'Ethiopia', 'Thai', '877981936', 'decline', 'Asset/Employee/Capture.PNG', 'M', 'Devloper', 'BR003'),
('APP000006', 'Josef', 'Lily', 'joe@gmail.com', 10000, '2020-05-20 00:00:00', '12 Avenue', 'Newyork', 'NY', '30554', 'United State', 'US', '285084636', 'pending', 'Asset/Employee/handshake.png', 'F', 'Staff', 'BR003');

--
-- Triggers `EmployeeApplication`
--
DELIMITER $$
CREATE TRIGGER `tg_employee_insert` BEFORE INSERT ON `EmployeeApplication` FOR EACH ROW BEGIN
  INSERT INTO Employee_seq VALUES (NULL);
  SET NEW.id = CONCAT('APP', LPAD(LAST_INSERT_ID(), 6, '0'));
END
$$
DELIMITER ;

-- --------------------------------------------------------

--
-- Table structure for table `Employee_seq`
--

CREATE TABLE `Employee_seq` (
  `id` int(11) NOT NULL
) ENGINE=InnoDB DEFAULT CHARSET=utf8 COLLATE=utf8_unicode_ci;

--
-- Dumping data for table `Employee_seq`
--

INSERT INTO `Employee_seq` (`id`) VALUES
(1),
(2),
(3),
(4),
(5),
(6);

-- --------------------------------------------------------

--
-- Table structure for table `FoodReceipt`
--

CREATE TABLE `FoodReceipt` (
  `receiptID` varchar(10) NOT NULL,
  `foodID` varchar(10) NOT NULL,
  `qty` int(11) NOT NULL DEFAULT '1'
) ENGINE=InnoDB DEFAULT CHARSET=utf8mb4;

--
-- Dumping data for table `FoodReceipt`
--

INSERT INTO `FoodReceipt` (`receiptID`, `foodID`, `qty`) VALUES
('FS10', 'DSH01', 1),
('FS100', 'BVG01', 2),
('FS100', 'DSH01', 3),
('FS100', 'DSH03', 1),
('FS100', 'DSH04', 3),
('FS101', 'BVG01', 2),
('FS101', 'DSH01', 3),
('FS101', 'DSH03', 1),
('FS101', 'DSH04', 3),
('FS102', 'BVG01', 2),
('FS102', 'DSH01', 3),
('FS102', 'DSH03', 1),
('FS102', 'DSH04', 3),
('FS103', 'BVG01', 2),
('FS103', 'DSH01', 3),
('FS103', 'DSH03', 1),
('FS103', 'DSH04', 3),
('FS104', 'BVG02', 1),
('FS104', 'DSH01', 3),
('FS104', 'DSH04', 2),
('FS105', 'BVG02', 1),
('FS105', 'DSH01', 3),
('FS105', 'DSH04', 2),
('FS106', 'BVG02', 1),
('FS106', 'DSH01', 3),
('FS106', 'DSH04', 2),
('FS107', 'BVG02', 1),
('FS107', 'DSH01', 3),
('FS107', 'DSH04', 2),
('FS108', 'BVG02', 1),
('FS108', 'DSH01', 3),
('FS108', 'DSH04', 2),
('FS109', 'BVG02', 1),
('FS109', 'DSH01', 3),
('FS109', 'DSH04', 2),
('FS110', 'BVG02', 1),
('FS110', 'DSH01', 3),
('FS110', 'DSH04', 2),
('FS111', 'BVG02', 1),
('FS111', 'DSH01', 3),
('FS111', 'DSH04', 2),
('FS112', 'BVG02', 1),
('FS112', 'DSH01', 3),
('FS112', 'DSH04', 2),
('FS113', 'BVG02', 1),
('FS113', 'DSH01', 3),
('FS113', 'DSH04', 2),
('FS114', 'BVG02', 1),
('FS114', 'DSH01', 3),
('FS114', 'DSH04', 2),
('FS116', 'BVG02', 1),
('FS116', 'DSH01', 3),
('FS116', 'DSH04', 2),
('FS117', 'BVG01', 3),
('FS117', 'DSH01', 3),
('FS117', 'DSH04', 2),
('FS118', 'BVG01', 3),
('FS118', 'DSH01', 3),
('FS118', 'DSH04', 2),
('FS119', 'BVG01', 3),
('FS119', 'DSH01', 3),
('FS119', 'DSH04', 2),
('FS120', 'BVG01', 3),
('FS120', 'DSH01', 3),
('FS120', 'DSH04', 2),
('FS121', 'BVG01', 3),
('FS121', 'DSH01', 3),
('FS121', 'DSH04', 2),
('FS122', 'BVG01', 3),
('FS122', 'DSH01', 3),
('FS122', 'DSH04', 2),
('FS123', 'BVG01', 3),
('FS123', 'DSH01', 3),
('FS123', 'DSH04', 2),
('FS125', 'BVG01', 3),
('FS125', 'DSH01', 3),
('FS125', 'DSH04', 2),
('FS126', 'DSH01', 5),
('FS126', 'DSH02', 1),
('FS126', 'DSH04', 1),
('FS127', 'DSH01', 5),
('FS127', 'DSH02', 1),
('FS127', 'DSH04', 1),
('FS128', 'DSH01', 5),
('FS128', 'DSH02', 1),
('FS128', 'DSH04', 1),
('FS129', 'DSH01', 5),
('FS129', 'DSH02', 1),
('FS129', 'DSH04', 1),
('FS130', 'DSH01', 5),
('FS130', 'DSH02', 1),
('FS130', 'DSH04', 1),
('FS131', 'BVG01', 1),
('FS131', 'DSH01', 1),
('FS131', 'DSH02', 1),
('FS131', 'DSH04', 1),
('FS132', 'BVG01', 1),
('FS132', 'DSH01', 1),
('FS132', 'DSH02', 1),
('FS132', 'DSH04', 1),
('FS133', 'BVG01', 1),
('FS133', 'DSH01', 1),
('FS133', 'DSH02', 1),
('FS133', 'DSH04', 1),
('FS134', 'BVG01', 1),
('FS134', 'DSH01', 1),
('FS134', 'DSH02', 1),
('FS134', 'DSH04', 1),
('FS135', 'BVG01', 1),
('FS135', 'DSH01', 1),
('FS135', 'DSH02', 1),
('FS135', 'DSH04', 1),
('FS136', 'BVG01', 1),
('FS136', 'DSH01', 1),
('FS136', 'DSH02', 1),
('FS136', 'DSH04', 1),
('FS137', 'BVG01', 1),
('FS137', 'DSH01', 1),
('FS137', 'DSH02', 1),
('FS137', 'DSH04', 1),
('FS138', 'BVG01', 1),
('FS138', 'DSH01', 1),
('FS138', 'DSH02', 1),
('FS138', 'DSH04', 1),
('FS139', 'BVG01', 1),
('FS139', 'DSH01', 1),
('FS139', 'DSH02', 1),
('FS139', 'DSH04', 1),
('FS140', 'BVG01', 1),
('FS140', 'DSH01', 1),
('FS140', 'DSH02', 1),
('FS140', 'DSH04', 1),
('FS141', 'BVG01', 1),
('FS141', 'DSH01', 1),
('FS141', 'DSH02', 1),
('FS141', 'DSH04', 1),
('FS142', 'BVG01', 1),
('FS142', 'DSH01', 1),
('FS142', 'DSH02', 1),
('FS142', 'DSH04', 1),
('FS143', 'BVG01', 1),
('FS143', 'DSH01', 1),
('FS143', 'DSH02', 1),
('FS143', 'DSH04', 1),
('FS144', 'BVG01', 1),
('FS144', 'DSH01', 1),
('FS144', 'DSH02', 1),
('FS144', 'DSH04', 1),
('FS145', 'BVG01', 1),
('FS145', 'DSH01', 1),
('FS145', 'DSH02', 1),
('FS145', 'DSH04', 1),
('FS146', 'BVG01', 1),
('FS146', 'DSH01', 1),
('FS146', 'DSH02', 1),
('FS146', 'DSH04', 1),
('FS147', 'BVG01', 1),
('FS147', 'DSH01', 1),
('FS147', 'DSH02', 1),
('FS147', 'DSH04', 1),
('FS148', 'BVG01', 1),
('FS148', 'DSH01', 1),
('FS148', 'DSH02', 1),
('FS148', 'DSH04', 1),
('FS149', 'BVG01', 1),
('FS149', 'DSH01', 1),
('FS149', 'DSH02', 1),
('FS149', 'DSH04', 1),
('FS151', 'BVG01', 1),
('FS151', 'BVG02', 1),
('FS151', 'DSH04', 1),
('FS152', 'BVG01', 1),
('FS152', 'BVG02', 1),
('FS152', 'DSH04', 1),
('FS153', 'BVG01', 1),
('FS153', 'BVG02', 1),
('FS153', 'DSH04', 1),
('FS154', 'BVG01', 1),
('FS154', 'BVG02', 1),
('FS154', 'DSH04', 1),
('FS155', 'BVG01', 1),
('FS155', 'BVG02', 1),
('FS155', 'DSH04', 1),
('FS156', 'BVG01', 1),
('FS156', 'BVG02', 1),
('FS156', 'DSH04', 1),
('FS158', 'BVG01', 1),
('FS158', 'DSH01', 1),
('FS159', 'BVG01', 1),
('FS159', 'DSH01', 1),
('FS160', 'BVG01', 1),
('FS160', 'DSH01', 1),
('FS161', 'BVG01', 1),
('FS161', 'DSH01', 1),
('FS161', 'DSH02', 1),
('FS161', 'DSH04', 1),
('FS162', 'BVG01', 1),
('FS162', 'DSH01', 1),
('FS162', 'DSH02', 1),
('FS162', 'DSH04', 1),
('FS163', 'BVG01', 1),
('FS163', 'DSH01', 1),
('FS163', 'DSH02', 1),
('FS163', 'DSH04', 1),
('FS164', 'BVG01', 1),
('FS164', 'DSH01', 1),
('FS164', 'DSH02', 1),
('FS164', 'DSH04', 1),
('FS165', 'BVG01', 1),
('FS165', 'DSH01', 1),
('FS165', 'DSH02', 1),
('FS165', 'DSH04', 1),
('FS166', 'BVG01', 1),
('FS166', 'DSH01', 1),
('FS166', 'DSH02', 1),
('FS166', 'DSH04', 1),
('FS167', 'BVG01', 1),
('FS167', 'DSH01', 1),
('FS167', 'DSH02', 1),
('FS167', 'DSH04', 1),
('FS168', 'BVG01', 1),
('FS168', 'DSH01', 1),
('FS168', 'DSH02', 1),
('FS168', 'DSH04', 1),
('FS169', 'BVG01', 1),
('FS169', 'DSH01', 1),
('FS169', 'DSH02', 1),
('FS169', 'DSH04', 1),
('FS17', 'BVG01', 1),
('FS170', 'BVG01', 1),
('FS170', 'DSH01', 1),
('FS170', 'DSH02', 1),
('FS170', 'DSH04', 1),
('FS171', 'BVG01', 1),
('FS171', 'DSH01', 1),
('FS171', 'DSH04', 1),
('FS172', 'BVG01', 1),
('FS172', 'DSH01', 1),
('FS172', 'DSH04', 1),
('FS173', 'BVG01', 1),
('FS173', 'DSH01', 1),
('FS173', 'DSH04', 1),
('FS174', 'BVG01', 1),
('FS174', 'DSH01', 1),
('FS174', 'DSH04', 1),
('FS175', 'BVG01', 1),
('FS175', 'DSH01', 1),
('FS175', 'DSH04', 1),
('FS176', 'BVG01', 1),
('FS176', 'DSH01', 1),
('FS176', 'DSH04', 1),
('FS177', 'BVG01', 1),
('FS177', 'DSH01', 1),
('FS177', 'DSH04', 1),
('FS178', 'BVG01', 1),
('FS178', 'DSH01', 1),
('FS178', 'DSH04', 1),
('FS179', 'BVG01', 1),
('FS179', 'DSH01', 1),
('FS179', 'DSH04', 1),
('FS180', 'DSH01', 1),
('FS181', 'DSH03', 1),
('FS181', 'DSH04', 1),
('FS182', 'BVG01', 3),
('FS182', 'DSH03', 2),
('FS183', 'BVG01', 5),
('FS2', 'BVG01', 2),
('FS2', 'DSH04', 1),
('FS25', 'BVG01', 1),
('FS3', 'BVG01', 1),
('FS32', 'DSH02', 1),
('FS46', 'DSH04', 1),
('FS49', 'BVG01', 1),
('FS49', 'BVG02', 1),
('FS49', 'DSH01', 1),
('FS49', 'DSH04', 1),
('FS50', 'BVG01', 1),
('FS50', 'BVG02', 1),
('FS50', 'DSH01', 1),
('FS50', 'DSH02', 1),
('FS51', 'BVG02', 1),
('FS51', 'DSH01', 1),
('FS51', 'DSH02', 1),
('FS51', 'DSH03', 1),
('FS51', 'DSH04', 1),
('FS52', 'BVG01', 1),
('FS52', 'BVG02', 1),
('FS52', 'DSH01', 1),
('FS52', 'DSH02', 1),
('FS52', 'DSH03', 1),
('FS52', 'DSH04', 1),
('FS53', 'BVG01', 5),
('FS53', 'DSH02', 4),
('FS53', 'DSH04', 4),
('FS54', 'BVG01', 5),
('FS54', 'BVG02', 1),
('FS54', 'DSH01', 1),
('FS55', 'BVG01', 1),
('FS55', 'DSH01', 2),
('FS56', 'BVG01', 1),
('FS56', 'DSH01', 2),
('FS56', 'DSH04', 1),
('FS57', 'BVG01', 1),
('FS57', 'BVG02', 10),
('FS57', 'DSH01', 2),
('FS58', 'BVG01', 1),
('FS58', 'DSH01', 1),
('FS58', 'DSH04', 2),
('FS59', 'BVG01', 1),
('FS59', 'DSH01', 1),
('FS59', 'DSH04', 2),
('FS60', 'BVG01', 5),
('FS60', 'DSH04', 2),
('FS66', 'BVG01', 5),
('FS66', 'DSH04', 1),
('FS67', 'DSH03', 1),
('FS67', 'DSH04', 1),
('FS68', 'DSH04', 1),
('FS7', 'BVG01', 1),
('FS70', 'BVG01', 5),
('FS70', 'DSH02', 1),
('FS70', 'DSH04', 1),
('FS71', 'BVG01', 5),
('FS71', 'DSH02', 1),
('FS71', 'DSH04', 1),
('FS72', 'BVG01', 5),
('FS72', 'BVG02', 1),
('FS72', 'DSH02', 1),
('FS72', 'DSH04', 1),
('FS73', 'BVG01', 5),
('FS73', 'BVG02', 1),
('FS73', 'DSH02', 1),
('FS73', 'DSH04', 1),
('FS74', 'BVG01', 5),
('FS74', 'BVG02', 1),
('FS74', 'DSH04', 1),
('FS75', 'BVG01', 5),
('FS75', 'BVG02', 1),
('FS75', 'DSH04', 1),
('FS76', 'BVG01', 3),
('FS76', 'BVG02', 5),
('FS76', 'DSH02', 2),
('FS76', 'DSH04', 2),
('FS77', 'BVG01', 3),
('FS77', 'DSH02', 2),
('FS77', 'DSH04', 2),
('FS78', 'BVG01', 3),
('FS78', 'DSH02', 2),
('FS78', 'DSH04', 2),
('FS79', 'BVG01', 3),
('FS79', 'DSH01', 1),
('FS79', 'DSH04', 2),
('FS8', 'BVG01', 1),
('FS80', 'BVG01', 3),
('FS80', 'DSH02', 1),
('FS80', 'DSH04', 2),
('FS81', 'BVG01', 1),
('FS81', 'BVG02', 5),
('FS81', 'DSH02', 1),
('FS81', 'DSH04', 1),
('FS82', 'BVG01', 1),
('FS82', 'BVG02', 5),
('FS82', 'DSH01', 1),
('FS82', 'DSH02', 1),
('FS82', 'DSH04', 1),
('FS83', 'BVG01', 1),
('FS83', 'BVG02', 5),
('FS83', 'DSH01', 1),
('FS83', 'DSH02', 1),
('FS83', 'DSH04', 1),
('FS84', 'BVG01', 1),
('FS84', 'BVG02', 5),
('FS84', 'DSH01', 1),
('FS84', 'DSH02', 1),
('FS84', 'DSH04', 1),
('FS85', 'BVG01', 1),
('FS85', 'BVG02', 5),
('FS85', 'DSH01', 1),
('FS85', 'DSH02', 1),
('FS85', 'DSH04', 1),
('FS86', 'BVG01', 1),
('FS86', 'BVG02', 5),
('FS86', 'DSH01', 1),
('FS86', 'DSH02', 1),
('FS86', 'DSH04', 1),
('FS87', 'BVG01', 1),
('FS87', 'BVG02', 5),
('FS87', 'DSH01', 1),
('FS87', 'DSH02', 1),
('FS87', 'DSH04', 1),
('FS88', 'BVG01', 1),
('FS88', 'BVG02', 5),
('FS88', 'DSH01', 1),
('FS88', 'DSH02', 1),
('FS88', 'DSH04', 1),
('FS89', 'BVG01', 1),
('FS89', 'BVG02', 5),
('FS89', 'DSH01', 1),
('FS89', 'DSH02', 1),
('FS89', 'DSH03', 1),
('FS89', 'DSH04', 1),
('FS9', 'DSH03', 1),
('FS90', 'BVG01', 1),
('FS90', 'BVG02', 5),
('FS90', 'DSH01', 1),
('FS90', 'DSH02', 1),
('FS90', 'DSH03', 1),
('FS90', 'DSH04', 1),
('FS91', 'BVG01', 1),
('FS91', 'BVG02', 5),
('FS91', 'DSH01', 1),
('FS91', 'DSH02', 1),
('FS91', 'DSH03', 1),
('FS91', 'DSH04', 1),
('FS92', 'BVG01', 10),
('FS92', 'BVG02', 5),
('FS92', 'DSH01', 5),
('FS92', 'DSH02', 1),
('FS92', 'DSH04', 1),
('FS93', 'BVG01', 10),
('FS93', 'BVG02', 5),
('FS93', 'DSH01', 5),
('FS93', 'DSH02', 1),
('FS93', 'DSH04', 1),
('FS94', 'BVG01', 10),
('FS94', 'BVG02', 5),
('FS94', 'DSH01', 5),
('FS94', 'DSH02', 1),
('FS94', 'DSH04', 1),
('FS95', 'BVG01', 2),
('FS95', 'DSH01', 3),
('FS95', 'DSH03', 1),
('FS95', 'DSH04', 3),
('FS96', 'BVG01', 2),
('FS96', 'DSH01', 3),
('FS96', 'DSH03', 1),
('FS96', 'DSH04', 3),
('FS97', 'BVG01', 2),
('FS97', 'DSH01', 3),
('FS97', 'DSH03', 1),
('FS97', 'DSH04', 3),
('FS98', 'BVG01', 2),
('FS98', 'DSH01', 3),
('FS98', 'DSH03', 1),
('FS98', 'DSH04', 3),
('FS99', 'BVG01', 2),
('FS99', 'DSH01', 3),
('FS99', 'DSH03', 1),
('FS99', 'DSH04', 3);

-- --------------------------------------------------------

--
-- Table structure for table `FoodReceiptRecord`
--

CREATE TABLE `FoodReceiptRecord` (
  `receiptID` varchar(10) CHARACTER SET utf8mb4 NOT NULL,
  `roomID` varchar(5) CHARACTER SET utf8mb4 NOT NULL,
  `branchID` varchar(5) CHARACTER SET utf8mb4 NOT NULL
) ENGINE=InnoDB DEFAULT CHARSET=utf8 COLLATE=utf8_unicode_ci;

--
-- Dumping data for table `FoodReceiptRecord`
--

INSERT INTO `FoodReceiptRecord` (`receiptID`, `roomID`, `branchID`) VALUES
('FS10', '101', 'BR001'),
('FS11', '101', 'BR001'),
('FS117', '101', 'BR001'),
('FS12', '101', 'BR001'),
('FS13', '101', 'BR001'),
('FS131', '101', 'BR001'),
('FS14', '101', 'BR001'),
('FS15', '101', 'BR001'),
('FS16', '101', 'BR001'),
('FS17', '101', 'BR001'),
('FS18', '101', 'BR001'),
('FS180', '101', 'BR001'),
('FS19', '101', 'BR001'),
('FS20', '101', 'BR001'),
('FS21', '101', 'BR001'),
('FS22', '101', 'BR001'),
('FS23', '101', 'BR001'),
('FS24', '101', 'BR001'),
('FS25', '101', 'BR001'),
('FS26', '101', 'BR001'),
('FS27', '101', 'BR001'),
('FS28', '101', 'BR001'),
('FS29', '101', 'BR001'),
('FS3', '101', 'BR001'),
('FS30', '101', 'BR001'),
('FS31', '101', 'BR001'),
('FS32', '101', 'BR002'),
('FS33', '101', 'BR001'),
('FS34', '101', 'BR001'),
('FS35', '101', 'BR001'),
('FS36', '101', 'BR001'),
('FS37', '101', 'BR001'),
('FS38', '101', 'BR001'),
('FS39', '101', 'BR001'),
('FS40', '101', 'BR001'),
('FS41', '101', 'BR001'),
('FS42', '101', 'BR001'),
('FS43', '101', 'BR002'),
('FS44', '101', 'BR002'),
('FS45', '101', 'BR002'),
('FS46', '101', 'BR002'),
('FS47', '101', 'BR001'),
('FS55', '101', 'BR001'),
('FS57', '101', 'BR002'),
('FS6', '101', 'BR001'),
('FS7', '101', 'BR001'),
('FS8', '101', 'BR001'),
('FS88', '101', 'BR002'),
('FS9', '101', 'BR001'),
('FS132', '102', 'BR002'),
('FS49', '102', 'BR001'),
('FS56', '102', 'BR002'),
('FS51', '103', 'BR002'),
('FS85', '103', 'BR002'),
('FS50', '104', 'BR002'),
('FS110', '105', 'BR003'),
('FS133', '105', 'BR002'),
('FS159', '105', 'BR003'),
('FS2', '105', 'BR002'),
('FS52', '105', 'BR002'),
('FS53', '105', 'BR002'),
('FS66', '105', 'BR002'),
('FS79', '105', 'BR002'),
('FS86', '105', 'BR003'),
('FS141', '106', 'BR001'),
('FS165', '106', 'BR002'),
('FS176', '106', 'BR001'),
('FS54', '106', 'BR003'),
('FS84', '106', 'BR001'),
('FS175', '107', 'BR002'),
('FS77', '107', 'BR001'),
('FS93', '107', 'BR002'),
('FS134', '108', 'BR002'),
('FS135', '108', 'BR002'),
('FS142', '108', 'BR002'),
('FS173', '108', 'BR002'),
('FS58', '108', 'BR001'),
('FS67', '108', 'BR001'),
('FS78', '108', 'BR003'),
('FS90', '108', 'BR002'),
('FS136', '109', 'BR001'),
('FS137', '109', 'BR001'),
('FS166', '109', 'BR001'),
('FS174', '109', 'BR002'),
('FS87', '109', 'BR001'),
('FS89', '109', 'BR001'),
('FS138', '110', 'BR003'),
('FS167', '110', 'BR002'),
('FS182', '110', 'BR002'),
('FS183', '110', 'BR002'),
('FS68', '110', 'BR002'),
('FS111', '201', 'BR003'),
('FS130', '201', 'BR003'),
('FS83', '201', 'BR003'),
('FS178', '202', 'BR001'),
('FS179', '202', 'BR002'),
('FS96', '202', 'BR002'),
('FS112', '203', 'BR002'),
('FS126', '203', 'BR001'),
('FS181', '203', 'BR002'),
('FS74', '203', 'BR002'),
('FS82', '203', 'BR002'),
('FS114', '204', 'BR002'),
('FS116', '204', 'BR001'),
('FS71', '204', 'BR002'),
('FS73', '204', 'BR001'),
('FS98', '204', 'BR001'),
('FS113', '205', 'BR002'),
('FS158', '205', 'BR001'),
('FS171', '205', 'BR001'),
('FS81', '205', 'BR001'),
('FS94', '205', 'BR002'),
('FS95', '205', 'BR001'),
('FS70', '206', 'BR001'),
('FS91', '206', 'BR003'),
('FS97', '206', 'BR003'),
('FS125', '207', 'BR003'),
('FS127', '208', 'BR002'),
('FS128', '208', 'BR002'),
('FS154', '208', 'BR001'),
('FS170', '208', 'BR001'),
('FS172', '208', 'BR002'),
('FS177', '208', 'BR001'),
('FS80', '208', 'BR003'),
('FS129', '209', 'BR003'),
('FS140', '209', 'BR002'),
('FS151', '209', 'BR001'),
('FS160', '209', 'BR001'),
('FS60', '209', 'BR002'),
('FS92', '209', 'BR002'),
('FS139', '210', 'BR002'),
('FS169', '210', 'BR002'),
('FS101', '301', 'BR002'),
('FS108', '301', 'BR002'),
('FS153', '301', 'BR002'),
('FS163', '301', 'BR002'),
('FS59', '301', 'BR002'),
('FS72', '301', 'BR003'),
('FS118', '302', 'BR002'),
('FS143', '302', 'BR002'),
('FS107', '303', 'BR002'),
('FS119', '303', 'BR002'),
('FS75', '303', 'BR003'),
('FS100', '304', 'BR002'),
('FS103', '304', 'BR002'),
('FS106', '304', 'BR001'),
('FS144', '304', 'BR001'),
('FS152', '304', 'BR002'),
('FS102', '305', 'BR002'),
('FS104', '305', 'BR001'),
('FS120', '305', 'BR002'),
('FS123', '305', 'BR002'),
('FS149', '305', 'BR001'),
('FS156', '305', 'BR002'),
('FS121', '306', 'BR002'),
('FS145', '306', 'BR003'),
('FS99', '306', 'BR001'),
('FS105', '307', 'BR001'),
('FS148', '307', 'BR003'),
('FS155', '307', 'BR002'),
('FS161', '307', 'BR001'),
('FS109', '308', 'BR003'),
('FS122', '308', 'BR002'),
('FS146', '308', 'BR002'),
('FS147', '308', 'BR002'),
('FS162', '308', 'BR003'),
('FS164', '308', 'BR001'),
('FS168', '310', 'BR003'),
('FS76', '310', 'BR001');

-- --------------------------------------------------------

--
-- Table structure for table `Food_seq`
--

CREATE TABLE `Food_seq` (
  `id` int(11) NOT NULL
) ENGINE=InnoDB DEFAULT CHARSET=utf8 COLLATE=utf8_unicode_ci;

--
-- Dumping data for table `Food_seq`
--

INSERT INTO `Food_seq` (`id`) VALUES
(1),
(2),
(3),
(4),
(5),
(6),
(7),
(8),
(9),
(10),
(11),
(12),
(13),
(14),
(15),
(16),
(17),
(18),
(19),
(20),
(21),
(22),
(23),
(24),
(25),
(26),
(27),
(28),
(29),
(30),
(31),
(32),
(33),
(34),
(35),
(36),
(37),
(38),
(39),
(40),
(41),
(42),
(43),
(44),
(45),
(46),
(47),
(48),
(49),
(50),
(51),
(52),
(53),
(54),
(55),
(56),
(57),
(58),
(59),
(60),
(61),
(62),
(63),
(64),
(65),
(66),
(67),
(68),
(69),
(70),
(71),
(72),
(73),
(74),
(75),
(76),
(77),
(78),
(79),
(80),
(81),
(82),
(83),
(84),
(85),
(86),
(87),
(88),
(89),
(90),
(91),
(92),
(93),
(94),
(95),
(96),
(97),
(98),
(99),
(100),
(101),
(102),
(103),
(104),
(105),
(106),
(107),
(108),
(109),
(110),
(111),
(112),
(113),
(114),
(115),
(116),
(117),
(118),
(119),
(120),
(121),
(122),
(123),
(124),
(125),
(126),
(127),
(128),
(129),
(130),
(131),
(132),
(133),
(134),
(135),
(136),
(137),
(138),
(139),
(140),
(141),
(142),
(143),
(144),
(145),
(146),
(147),
(148),
(149),
(150),
(151),
(152),
(153),
(154),
(155),
(156),
(157),
(158),
(159),
(160),
(161),
(162),
(163),
(164),
(165),
(166),
(167),
(168),
(169),
(170),
(171),
(172),
(173),
(174),
(175),
(176),
(177),
(178),
(179),
(180),
(181),
(182),
(183);

-- --------------------------------------------------------

--
-- Table structure for table `Furniture`
--

CREATE TABLE `Furniture` (
  `roomType` varchar(20) NOT NULL,
  `bed` int(11) NOT NULL,
  `table` int(11) NOT NULL,
  `chiar` int(11) NOT NULL,
  `bathRoom` int(11) NOT NULL,
  `smoking` tinyint(4) NOT NULL
) ENGINE=InnoDB DEFAULT CHARSET=utf8mb4;

--
-- Dumping data for table `Furniture`
--

INSERT INTO `Furniture` (`roomType`, `bed`, `table`, `chiar`, `bathRoom`, `smoking`) VALUES
('Deluxe', 1, 1, 2, 1, 0),
('Elite', 2, 2, 4, 1, 1),
('Suite', 1, 2, 2, 1, 1);

-- --------------------------------------------------------

--
-- Table structure for table `InHouseAppAccount`
--

CREATE TABLE `InHouseAppAccount` (
  `id` varchar(5) CHARACTER SET utf8mb4 NOT NULL,
  `password` varchar(150) COLLATE utf8_unicode_ci NOT NULL
) ENGINE=InnoDB DEFAULT CHARSET=utf8 COLLATE=utf8_unicode_ci;

--
-- Dumping data for table `InHouseAppAccount`
--

INSERT INTO `InHouseAppAccount` (`id`, `password`) VALUES
('SF001', 'c32bc194993c8708170b1a1ac8bbd9d66d3b7d42');

-- --------------------------------------------------------

--
-- Table structure for table `Menu`
--

CREATE TABLE `Menu` (
  `foodID` varchar(10) NOT NULL,
  `foodName` varchar(20) NOT NULL,
  `price` float NOT NULL,
  `url` varchar(100) DEFAULT NULL
) ENGINE=InnoDB DEFAULT CHARSET=utf8mb4;

--
-- Dumping data for table `Menu`
--

INSERT INTO `Menu` (`foodID`, `foodName`, `price`, `url`) VALUES
('BVG01', 'Apple Honey Cider', 110, 'Asset/Menu/Apple-Honey-Cider.jpg'),
('BVG02', 'Water', 15, 'Asset/Menu/Water.jpg'),
('DSH01', 'Tom-Yam-Kung', 230, 'Asset/Menu/Tom-Yam-Kung.jpg'),
('DSH02', 'Cabonara-Spaghetti', 180, 'Asset/Menu/Cabonara-Spaghetti.jpg'),
('DSH03', 'American Fried Rice', 190, 'Asset/Menu/American-Fried-Rice.jpg'),
('DSH04', 'Bacro Salad', 230, 'Asset/Menu/Bacro-Salad.jpg');

-- --------------------------------------------------------

--
-- Table structure for table `Promotion`
--

CREATE TABLE `Promotion` (
  `promocode` varchar(10) NOT NULL,
  `discount` float NOT NULL,
  `description` text
) ENGINE=InnoDB DEFAULT CHARSET=utf8mb4;

--
-- Dumping data for table `Promotion`
--

INSERT INTO `Promotion` (`promocode`, `discount`, `description`) VALUES
('GSDE030201', 0.15, '15% Discount'),
('SONGKRAN', 0.25, 'for Songkran Festival can be used only branch 1'),
('SPSM040201', 0.05, '5% Discount on this 2020 summer ');

-- --------------------------------------------------------

--
-- Table structure for table `Room`
--

CREATE TABLE `Room` (
  `roomID` varchar(5) NOT NULL,
  `branchID` varchar(5) NOT NULL,
  `roomType` varchar(20) NOT NULL,
  `price` float NOT NULL,
  `status` tinyint(4) NOT NULL DEFAULT '0'
) ENGINE=InnoDB DEFAULT CHARSET=utf8mb4;

--
-- Dumping data for table `Room`
--

INSERT INTO `Room` (`roomID`, `branchID`, `roomType`, `price`, `status`) VALUES
('101', 'BR001', 'Deluxe', 1700, 1),
('101', 'BR002', 'Deluxe', 2000, 1),
('101', 'BR003', 'Deluxe', 3000, 0),
('102', 'BR001', 'Deluxe', 1700, 1),
('102', 'BR002', 'Deluxe', 2000, 1),
('102', 'BR003', 'Deluxe', 3000, 0),
('103', 'BR001', 'Deluxe', 1700, 1),
('103', 'BR002', 'Deluxe', 2000, 0),
('103', 'BR003', 'Deluxe', 3000, 0),
('104', 'BR001', 'Deluxe', 1700, 0),
('104', 'BR002', 'Deluxe', 2000, 0),
('104', 'BR003', 'Deluxe', 3000, 0),
('105', 'BR001', 'Deluxe', 1700, 0),
('105', 'BR002', 'Deluxe', 2000, 0),
('105', 'BR003', 'Deluxe', 3000, 0),
('106', 'BR001', 'Deluxe', 1700, 0),
('106', 'BR002', 'Deluxe', 2000, 0),
('106', 'BR003', 'Deluxe', 3000, 0),
('107', 'BR001', 'Deluxe', 1700, 0),
('107', 'BR002', 'Deluxe', 2000, 0),
('107', 'BR003', 'Deluxe', 3000, 0),
('108', 'BR001', 'Deluxe', 1700, 0),
('108', 'BR002', 'Deluxe', 2000, 0),
('108', 'BR003', 'Deluxe', 3000, 0),
('109', 'BR001', 'Deluxe', 1700, 0),
('109', 'BR002', 'Deluxe', 2000, 0),
('109', 'BR003', 'Deluxe', 3000, 0),
('110', 'BR001', 'Deluxe', 1700, 0),
('110', 'BR002', 'Deluxe', 2000, 0),
('110', 'BR003', 'Deluxe', 3000, 0),
('201', 'BR001', 'Elite', 2200, 1),
('201', 'BR002', 'Elite', 2500, 1),
('201', 'BR003', 'Elite', 3200, 1),
('202', 'BR001', 'Elite', 2200, 0),
('202', 'BR002', 'Elite', 2500, 0),
('202', 'BR003', 'Elite', 3200, 1),
('203', 'BR001', 'Elite', 2200, 0),
('203', 'BR002', 'Elite', 2500, 0),
('203', 'BR003', 'Elite', 3200, 0),
('204', 'BR001', 'Elite', 2200, 0),
('204', 'BR002', 'Elite', 2500, 0),
('204', 'BR003', 'Elite', 3200, 0),
('205', 'BR001', 'Elite', 2200, 0),
('205', 'BR002', 'Elite', 2500, 0),
('205', 'BR003', 'Elite', 3200, 0),
('206', 'BR001', 'Elite', 2200, 0),
('206', 'BR002', 'Elite', 2500, 0),
('206', 'BR003', 'Elite', 3200, 0),
('207', 'BR001', 'Elite', 2200, 0),
('207', 'BR002', 'Elite', 2500, 0),
('207', 'BR003', 'Elite', 3200, 0),
('208', 'BR001', 'Elite', 2200, 0),
('208', 'BR002', 'Elite', 2500, 0),
('208', 'BR003', 'Elite', 3200, 0),
('209', 'BR001', 'Elite', 2200, 0),
('209', 'BR002', 'Elite', 2500, 0),
('209', 'BR003', 'Elite', 3200, 0),
('210', 'BR001', 'Elite', 2200, 0),
('210', 'BR002', 'Elite', 2500, 0),
('210', 'BR003', 'Elite', 3200, 0),
('301', 'BR001', 'Suite', 4000, 0),
('301', 'BR002', 'Suite', 5000, 0),
('301', 'BR003', 'Suite', 6000, 1),
('302', 'BR001', 'Suite', 4000, 0),
('302', 'BR002', 'Suite', 5000, 0),
('302', 'BR003', 'Suite', 6000, 0),
('303', 'BR001', 'Suite', 4000, 0),
('303', 'BR002', 'Suite', 5000, 0),
('303', 'BR003', 'Suite', 6000, 0),
('304', 'BR001', 'Suite', 4000, 0),
('304', 'BR002', 'Suite', 5000, 0),
('304', 'BR003', 'Suite', 6000, 0),
('305', 'BR001', 'Suite', 4000, 0),
('305', 'BR002', 'Suite', 5000, 0),
('305', 'BR003', 'Suite', 6000, 0),
('306', 'BR001', 'Suite', 4000, 0),
('306', 'BR002', 'Suite', 5000, 0),
('306', 'BR003', 'Suite', 6000, 0),
('307', 'BR001', 'Suite', 4000, 0),
('307', 'BR002', 'Suite', 5000, 0),
('307', 'BR003', 'Suite', 6000, 0),
('308', 'BR001', 'Suite', 4000, 0),
('308', 'BR002', 'Suite', 5000, 0),
('308', 'BR003', 'Suite', 6000, 0),
('309', 'BR001', 'Suite', 4000, 0),
('309', 'BR002', 'Suite', 5000, 0),
('309', 'BR003', 'Suite', 6000, 0),
('310', 'BR001', 'Suite', 4000, 0),
('310', 'BR002', 'Suite', 5000, 0),
('310', 'BR003', 'Suite', 6000, 0);

--
-- Indexes for dumped tables
--

--
-- Indexes for table `AdditionalService`
--
ALTER TABLE `AdditionalService`
  ADD PRIMARY KEY (`serviceID`),
  ADD KEY `staffID` (`staffID`);

--
-- Indexes for table `AdditionalServiceReceipt`
--
ALTER TABLE `AdditionalServiceReceipt`
  ADD PRIMARY KEY (`receiptID`,`serviceID`),
  ADD KEY `serviceID` (`serviceID`);

--
-- Indexes for table `AdditionalServiceReceiptRecord`
--
ALTER TABLE `AdditionalServiceReceiptRecord`
  ADD PRIMARY KEY (`receiptID`),
  ADD KEY `roomID` (`roomID`),
  ADD KEY `branchID` (`branchID`);

--
-- Indexes for table `Additional_seq`
--
ALTER TABLE `Additional_seq`
  ADD PRIMARY KEY (`id`);

--
-- Indexes for table `Booking_Detail`
--
ALTER TABLE `Booking_Detail`
  ADD PRIMARY KEY (`bookingID`),
  ADD KEY `citizenID` (`citizenID`),
  ADD KEY `branchID` (`branchID`),
  ADD KEY `promocode` (`promocode`);

--
-- Indexes for table `booking_id_seq`
--
ALTER TABLE `booking_id_seq`
  ADD PRIMARY KEY (`id`);

--
-- Indexes for table `Branch`
--
ALTER TABLE `Branch`
  ADD PRIMARY KEY (`branchID`);

--
-- Indexes for table `Customer`
--
ALTER TABLE `Customer`
  ADD PRIMARY KEY (`citizenID`);

--
-- Indexes for table `CustomerReview`
--
ALTER TABLE `CustomerReview`
  ADD PRIMARY KEY (`citizenID`,`date`),
  ADD KEY `branchID` (`branchID`);

--
-- Indexes for table `Employee`
--
ALTER TABLE `Employee`
  ADD PRIMARY KEY (`staffID`),
  ADD KEY `branchID` (`branchID`);

--
-- Indexes for table `EmployeeApplication`
--
ALTER TABLE `EmployeeApplication`
  ADD PRIMARY KEY (`id`),
  ADD KEY `branchID` (`branchID`);

--
-- Indexes for table `Employee_seq`
--
ALTER TABLE `Employee_seq`
  ADD PRIMARY KEY (`id`);

--
-- Indexes for table `FoodReceipt`
--
ALTER TABLE `FoodReceipt`
  ADD PRIMARY KEY (`receiptID`,`foodID`),
  ADD KEY `foodID` (`foodID`);

--
-- Indexes for table `FoodReceiptRecord`
--
ALTER TABLE `FoodReceiptRecord`
  ADD PRIMARY KEY (`receiptID`,`roomID`,`branchID`),
  ADD KEY `roomID` (`roomID`),
  ADD KEY `branchID` (`branchID`);

--
-- Indexes for table `Food_seq`
--
ALTER TABLE `Food_seq`
  ADD PRIMARY KEY (`id`);

--
-- Indexes for table `Furniture`
--
ALTER TABLE `Furniture`
  ADD PRIMARY KEY (`roomType`);

--
-- Indexes for table `InHouseAppAccount`
--
ALTER TABLE `InHouseAppAccount`
  ADD PRIMARY KEY (`id`);

--
-- Indexes for table `Menu`
--
ALTER TABLE `Menu`
  ADD PRIMARY KEY (`foodID`);

--
-- Indexes for table `Promotion`
--
ALTER TABLE `Promotion`
  ADD PRIMARY KEY (`promocode`);

--
-- Indexes for table `Room`
--
ALTER TABLE `Room`
  ADD PRIMARY KEY (`roomID`,`branchID`),
  ADD KEY `roomType` (`roomType`),
  ADD KEY `branchID` (`branchID`);

--
-- AUTO_INCREMENT for dumped tables
--

--
-- AUTO_INCREMENT for table `Additional_seq`
--
ALTER TABLE `Additional_seq`
  MODIFY `id` int(11) NOT NULL AUTO_INCREMENT, AUTO_INCREMENT=150;

--
-- AUTO_INCREMENT for table `booking_id_seq`
--
ALTER TABLE `booking_id_seq`
  MODIFY `id` int(11) NOT NULL AUTO_INCREMENT, AUTO_INCREMENT=185;

--
-- AUTO_INCREMENT for table `Employee_seq`
--
ALTER TABLE `Employee_seq`
  MODIFY `id` int(11) NOT NULL AUTO_INCREMENT, AUTO_INCREMENT=7;

--
-- AUTO_INCREMENT for table `Food_seq`
--
ALTER TABLE `Food_seq`
  MODIFY `id` int(11) NOT NULL AUTO_INCREMENT, AUTO_INCREMENT=184;

--
-- Constraints for dumped tables
--

--
-- Constraints for table `AdditionalService`
--
ALTER TABLE `AdditionalService`
  ADD CONSTRAINT `AdditionalService_ibfk_1` FOREIGN KEY (`staffID`) REFERENCES `Employee` (`staffID`);

--
-- Constraints for table `AdditionalServiceReceipt`
--
ALTER TABLE `AdditionalServiceReceipt`
  ADD CONSTRAINT `AdditionalServiceReceipt_ibfk_1` FOREIGN KEY (`serviceID`) REFERENCES `AdditionalService` (`serviceID`),
  ADD CONSTRAINT `AdditionalServiceReceipt_ibfk_2` FOREIGN KEY (`receiptID`) REFERENCES `AdditionalServiceReceiptRecord` (`receiptID`),
  ADD CONSTRAINT `AdditionalServiceReceipt_ibfk_3` FOREIGN KEY (`receiptID`) REFERENCES `AdditionalServiceReceiptRecord` (`receiptID`);

--
-- Constraints for table `AdditionalServiceReceiptRecord`
--
ALTER TABLE `AdditionalServiceReceiptRecord`
  ADD CONSTRAINT `AdditionalServiceReceiptRecord_ibfk_1` FOREIGN KEY (`roomID`) REFERENCES `Room` (`roomID`),
  ADD CONSTRAINT `AdditionalServiceReceiptRecord_ibfk_3` FOREIGN KEY (`branchID`) REFERENCES `Branch` (`branchID`);

--
-- Constraints for table `Booking_Detail`
--
ALTER TABLE `Booking_Detail`
  ADD CONSTRAINT `Booking_Detail_ibfk_1` FOREIGN KEY (`citizenID`) REFERENCES `Customer` (`citizenID`),
  ADD CONSTRAINT `Booking_Detail_ibfk_2` FOREIGN KEY (`branchID`) REFERENCES `Branch` (`branchID`),
  ADD CONSTRAINT `Booking_Detail_ibfk_3` FOREIGN KEY (`promocode`) REFERENCES `Promotion` (`promocode`);

--
-- Constraints for table `CustomerReview`
--
ALTER TABLE `CustomerReview`
  ADD CONSTRAINT `CustomerReview_ibfk_1` FOREIGN KEY (`branchID`) REFERENCES `Branch` (`branchID`);

--
-- Constraints for table `Employee`
--
ALTER TABLE `Employee`
  ADD CONSTRAINT `Employee_ibfk_1` FOREIGN KEY (`branchID`) REFERENCES `Branch` (`branchID`);

--
-- Constraints for table `EmployeeApplication`
--
ALTER TABLE `EmployeeApplication`
  ADD CONSTRAINT `EmployeeApplication_ibfk_1` FOREIGN KEY (`branchID`) REFERENCES `Branch` (`branchID`);

--
-- Constraints for table `FoodReceipt`
--
ALTER TABLE `FoodReceipt`
  ADD CONSTRAINT `FoodReceipt_ibfk_1` FOREIGN KEY (`foodID`) REFERENCES `Menu` (`foodID`),
  ADD CONSTRAINT `FoodReceipt_ibfk_2` FOREIGN KEY (`receiptID`) REFERENCES `FoodReceiptRecord` (`receiptID`);

--
-- Constraints for table `FoodReceiptRecord`
--
ALTER TABLE `FoodReceiptRecord`
  ADD CONSTRAINT `FoodReceiptRecord_ibfk_2` FOREIGN KEY (`roomID`) REFERENCES `Room` (`roomID`),
  ADD CONSTRAINT `FoodReceiptRecord_ibfk_3` FOREIGN KEY (`branchID`) REFERENCES `Branch` (`branchID`);

--
-- Constraints for table `InHouseAppAccount`
--
ALTER TABLE `InHouseAppAccount`
  ADD CONSTRAINT `InHouseAppAccount_ibfk_1` FOREIGN KEY (`id`) REFERENCES `Employee` (`staffID`) ON DELETE CASCADE;

--
-- Constraints for table `Room`
--
ALTER TABLE `Room`
  ADD CONSTRAINT `Room_ibfk_1` FOREIGN KEY (`roomType`) REFERENCES `Furniture` (`roomType`),
  ADD CONSTRAINT `Room_ibfk_2` FOREIGN KEY (`branchID`) REFERENCES `Branch` (`branchID`);
COMMIT;

/*!40101 SET CHARACTER_SET_CLIENT=@OLD_CHARACTER_SET_CLIENT */;
/*!40101 SET CHARACTER_SET_RESULTS=@OLD_CHARACTER_SET_RESULTS */;
/*!40101 SET COLLATION_CONNECTION=@OLD_COLLATION_CONNECTION */;
